Dates,Top1,Top2,Top3,Top4,Top5,Top6,Top7,Top8,Top9,Top10,Top11,Top12,Top13,Top14,Top15,Top16,Top17,Top18,Top19,Top20
2000-01-31,1909315D IN Equity,MM IN Equity,MKTA IN Equity,SBIN IN Equity,LOG IN Equity,LICHF IN Equity,LIIL IN Equity,LKEF IN Equity,LKI IN Equity,LLL IN Equity,LML IN Equity,MEFO IN Equity,METROHL IN Equity,MGC IN Equity,MDA IN Equity,OFSS IN Equity,OGL IN Equity,OIL IN Equity,RESP IN Equity,RECL IN Equity
2000-02-29,NIRL IN Equity,LKEF IN Equity,LOK IN Equity,MBI IN Equity,RELI IN Equity,MAXF IN Equity,KWALITY IN Equity,MKE IN Equity,RIIL IN Equity,NIRMA IN Equity,LICHF IN Equity,RCF IN Equity,MAN IN Equity,OIL IN Equity,MIRC IN Equity,RGBP IN Equity,MGC IN Equity,MHSC IN Equity,MAST IN Equity,RILP IN Equity
2000-03-31,MCHM IN Equity,RIIL IN Equity,MINK IN Equity,MJS IN Equity,MGC IN Equity,NIRMA IN Equity,NEST IN Equity,MAN IN Equity,MHS IN Equity,LKI IN Equity,MAST IN Equity,1909315D IN Equity,RIL IN Equity,MEFO IN Equity,RISL IN Equity,KWALITY IN Equity,NELI IN Equity,NILK IN Equity,MKE IN Equity,MAXF IN Equity
2000-04-28,LKEF IN Equity,MHS IN Equity,RIL IN Equity,RELI IN Equity,NILK IN Equity,MCHM IN Equity,RGBP IN Equity,MINK IN Equity,LMW IN Equity,MI IN Equity,SBIN IN Equity,MIRC IN Equity,LIIL IN Equity,MEFO IN Equity,RISL IN Equity,1909315D IN Equity,KWALITY IN Equity,NIIT IN Equity,NFCL IN Equity,MAXF IN Equity
2000-05-31,REIA IN Equity,KWALITY IN Equity,RCF IN Equity,MDR IN Equity,NEST IN Equity,MINK IN Equity,MJS IN Equity,1909315D IN Equity,RELI IN Equity,LPC IN Equity,MAN IN Equity,MBI IN Equity,LICHF IN Equity,LML IN Equity,MHS IN Equity,MEFO IN Equity,RISL IN Equity,NELI IN Equity,RIL IN Equity,MI IN Equity
2000-06-30,MKE IN Equity,NELCO IN Equity,HWA IN Equity,IVRC IN Equity,ADE IN Equity,HMFC IN Equity,RGBP IN Equity,ADCIC IN Equity,CTE IN Equity,MPHL IN Equity,NRBBR IN Equity,UB IN Equity,CYL IN Equity,CBOP IN Equity,NELI IN Equity,KKC IN Equity,TEIN IN Equity,ENGR IN Equity,SNDB IN Equity,IOCL IN Equity
2000-07-31,ESAB IN Equity,NCS IN Equity,AXSB IN Equity,ESOIL IN Equity,NLL IN Equity,BDE IN Equity,ADCIC IN Equity,WYH IN Equity,GAIL IN Equity,RGBP IN Equity,PRMC IN Equity,KOPD IN Equity,SSOF IN Equity,WHIRL IN Equity,3M IN Equity,MINK IN Equity,ENGR IN Equity,IPCA IN Equity,KKC IN Equity,LML IN Equity
2000-08-31,PJC IN Equity,UB IN Equity,RNSP IN Equity,DMCT IN Equity,GSCL IN Equity,ZSS IN Equity,KJC IN Equity,BLD IN Equity,GESCO IN Equity,ELBE IN Equity,SJET IN Equity,BIRCB IN Equity,PKPL IN Equity,ALBC IN Equity,HKCI IN Equity,ASEL IN Equity,ADF IN Equity,NFCL IN Equity,ZNDU IN Equity,BDE IN Equity
2000-09-29,SJET IN Equity,ALFA IN Equity,SXT IN Equity,ADF IN Equity,NELCO IN Equity,SSOF IN Equity,NOCIL IN Equity,MRZI IN Equity,ABNL IN Equity,BDE IN Equity,BOS IN Equity,AGG IN Equity,ZNDU IN Equity,ONT IN Equity,ADE IN Equity,GNP IN Equity,KLGS IN Equity,SUNEC IN Equity,ZSS IN Equity,MLIFE IN Equity
2000-10-31,MLIFE IN Equity,ALSF IN Equity,SJET IN Equity,CHOLAHLD IN Equity,WYH IN Equity,TNNP IN Equity,ESAB IN Equity,JSTL IN Equity,KSI IN Equity,SCI IN Equity,ADE IN Equity,CGPOWER IN Equity,ABNL IN Equity,TTCH IN Equity,GRHF IN Equity,ORCP IN Equity,AXSB IN Equity,MRF IN Equity,TTAN IN Equity,BOOT IN Equity
2000-11-30,VEDL IN Equity,FNXP IN Equity,NOCIL IN Equity,GEPIL IN Equity,ADF IN Equity,TEIN IN Equity,KSI IN Equity,JPO IN Equity,SCI IN Equity,HZ IN Equity,ARVND IN Equity,KJC IN Equity,SLT IN Equity,MAXF IN Equity,BEML IN Equity,ITI IN Equity,CEAT IN Equity,TC IN Equity,LML IN Equity,KOPD IN Equity
2000-12-29,JSAW IN Equity,UFLX IN Equity,CMC IN Equity,TEIN IN Equity,ESCORTS IN Equity,HZ IN Equity,AMRJ IN Equity,ICEM IN Equity,NOCIL IN Equity,ALBC IN Equity,ATCP IN Equity,JPO IN Equity,BATA IN Equity,MRF IN Equity,KOP IN Equity,SEAM IN Equity,FLFD IN Equity,MTNL IN Equity,KSI IN Equity,NELI IN Equity
2001-01-31,JSAW IN Equity,ELBE IN Equity,JSP IN Equity,KSI IN Equity,NINV IN Equity,VEDL IN Equity,SCS IN Equity,LT IN Equity,SCI IN Equity,BSEL IN Equity,CMC IN Equity,TATACONS IN Equity,PJC IN Equity,POL IN Equity,POL IN Equity.1,NCS IN Equity,ICEM IN Equity,HZ IN Equity,TCOM IN Equity,AMRJ IN Equity
2001-02-28,PNCB IN Equity,JSAW IN Equity,GEPIL IN Equity,NLC IN Equity,ELBE IN Equity,CRPBK IN Equity,NOCIL IN Equity,JSP IN Equity,TPWR IN Equity,SCI IN Equity,AMRJ IN Equity,CMC IN Equity,FNXP IN Equity,CENK IN Equity,GDSP IN Equity,ICICIBC IN Equity,KOPD IN Equity,BPCL IN Equity,TEIN IN Equity,ESRS IN Equity
2001-03-30,BPCL IN Equity,EIH IN Equity,SSOF IN Equity,ICICIBC IN Equity,UB IN Equity,TCOM IN Equity,MTNL IN Equity,ELBE IN Equity,GEPIL IN Equity,HZ IN Equity,TATACONS IN Equity,GGAS IN Equity,CRPBK IN Equity,ORCP IN Equity,MAXF IN Equity,FNXP IN Equity,GDSP IN Equity,GESCO IN Equity,RW IN Equity,CRISIL IN Equity
2001-04-30,GEO IN Equity,ESRS IN Equity,JSAW IN Equity,JSP IN Equity,GTS IN Equity,POL IN Equity,POL IN Equity.1,ADE IN Equity,TPWR IN Equity,SCI IN Equity,KSI IN Equity,INTEC IN Equity,SLVR IN Equity,VEDL IN Equity,FNXP IN Equity,CYL IN Equity,MM IN Equity,GESCO IN Equity,SARE IN Equity,CMC IN Equity
2001-05-31,MAST IN Equity,PSI IN Equity,CRSA IN Equity,SJET IN Equity,ADE IN Equity,JSAW IN Equity,ZENT IN Equity,AMRJ IN Equity,NXTD IN Equity,INTEC IN Equity,CYL IN Equity,ACCELYA IN Equity,UFLX IN Equity,USM IN Equity,GILL IN Equity,NOCIL IN Equity,BL IN Equity,ARBP IN Equity,SABTN IN Equity,Z IN Equity
2001-06-29,SLT IN Equity,CRPBK IN Equity,NLC IN Equity,GDSP IN Equity,TEIN IN Equity,INFO IN Equity,ADCIC IN Equity,BPCL IN Equity,PJC IN Equity,KOPD IN Equity,CYL IN Equity,MPHL IN Equity,RSST IN Equity,NIRMA IN Equity,ADF IN Equity,VWSP IN Equity,CMC IN Equity,ONT IN Equity,HZ IN Equity,UB IN Equity
2001-07-31,SLT IN Equity,PDMT IN Equity,MIRC IN Equity,VEDL IN Equity,BZL IN Equity,SI IN Equity,WPRO IN Equity,BL IN Equity,TPWR IN Equity,KSI IN Equity,NLC IN Equity,USM IN Equity,UFLX IN Equity,FNXP IN Equity,INFO IN Equity,ARBP IN Equity,BPCL IN Equity,CRPBK IN Equity,CMC IN Equity,SCI IN Equity
2001-08-31,HOE IN Equity,CYL IN Equity,SUBX IN Equity,MAST IN Equity,Z IN Equity,HCLI IN Equity,GEPIL IN Equity,GEO IN Equity,ONT IN Equity,CRSA IN Equity,BL IN Equity,SARE IN Equity,ADCIC IN Equity,BHFC IN Equity,ORIT IN Equity,GDSP IN Equity,PDMT IN Equity,BPL IN Equity,AFTK IN Equity,SCS IN Equity
2001-09-28,APHS IN Equity,GNP IN Equity,SJET IN Equity,BPL IN Equity,CMC IN Equity,ARBP IN Equity,MRF IN Equity,JSP IN Equity,ITI IN Equity,NXTD IN Equity,GTIC IN Equity,BHTI IN Equity,BD IN Equity,TVSL IN Equity,CIS IN Equity,TMX IN Equity,SI IN Equity,KSI IN Equity,SCI IN Equity,BPCL IN Equity
2001-10-31,SEAM IN Equity,VKI IN Equity,GEO IN Equity,JSAW IN Equity,ACCELYA IN Equity,NIIT IN Equity,CYL IN Equity,HMFC IN Equity,ALSF IN Equity,RLTA IN Equity,TVSL IN Equity,POL IN Equity.1,POL IN Equity,BYRCS IN Equity,SLVR IN Equity,BLJT IN Equity,ICICIBC IN Equity,ZENT IN Equity,CNVC IN Equity,GNP IN Equity
2001-11-29,CYBT IN Equity,ONT IN Equity,LES IN Equity,MAST IN Equity,CPIN IN Equity,SABTN IN Equity,ATCO IN Equity,PFSW IN Equity,TPS IN Equity,SLVR IN Equity,SHY IN Equity,AFTK IN Equity,ORIT IN Equity,SRMT IN Equity,RSST IN Equity,NXTD IN Equity,SUBX IN Equity,HMFC IN Equity,TLEI IN Equity,GEO IN Equity
2001-12-31,SLI IN Equity,CYL IN Equity,GEO IN Equity,MIRC IN Equity,NCS IN Equity,ORIT IN Equity,TLDI IN Equity,MAST IN Equity,POL IN Equity.1,POL IN Equity,ACCELYA IN Equity,SJET IN Equity,CIS IN Equity,RLTA IN Equity,PRTN IN Equity,SABTN IN Equity,TPS IN Equity,ZSS IN Equity,ZENT IN Equity,ALSF IN Equity
2002-01-31,SUBX IN Equity,TVSL IN Equity,NXTD IN Equity,BLJT IN Equity,BHE IN Equity,AFTK IN Equity,MM IN Equity,BHFC IN Equity,LML IN Equity,HOE IN Equity,BL IN Equity,GNP IN Equity,MKTA IN Equity,TLDI IN Equity,HMCL IN Equity,VKI IN Equity,MAST IN Equity,SABTN IN Equity,SCS IN Equity,PRTN IN Equity
2002-02-28,GRWRHITE IN Equity,BEML IN Equity,NXTD IN Equity,RCF IN Equity,SCI IN Equity,ENGR IN Equity,NLC IN Equity,HPCL IN Equity,EIM IN Equity,FB IN Equity,JKBK IN Equity,ICICIBC IN Equity,KMB IN Equity,IPCL IN Equity,GMDC IN Equity,ARVND IN Equity,AL IN Equity,ELSC IN Equity,TVSL IN Equity,LICHF IN Equity
2002-03-28,MAXF IN Equity,TLDI IN Equity,TRENT IN Equity,LML IN Equity,SARE IN Equity,ENGR IN Equity,CMC IN Equity,BLSI IN Equity,NCS IN Equity,ZENT IN Equity,GSFC IN Equity,NELCO IN Equity,SUBX IN Equity,FB IN Equity,AFTK IN Equity,AGG IN Equity,LES IN Equity,SSOF IN Equity,HM IN Equity,ONT IN Equity
2002-04-30,IRS IN Equity,SHY IN Equity,EIM IN Equity,TELX IN Equity,MROTK IN Equity,GMDC IN Equity,KLGS IN Equity,TLDI IN Equity,NCS IN Equity,MIT IN Equity,BLJT IN Equity,PSI IN Equity,NELCO IN Equity,RGBP IN Equity,TRENT IN Equity,ARVND IN Equity,TMX IN Equity,NXTD IN Equity,JBCP IN Equity,BHFC IN Equity
2002-05-31,BRPL IN Equity,RCF IN Equity,HOC IN Equity,ITI IN Equity,BEML IN Equity,IPCL IN Equity,NLC IN Equity,SCI IN Equity,CLRC IN Equity,RMW IN Equity,BL IN Equity,IRS IN Equity,TMX IN Equity,HM IN Equity,GSFC IN Equity,POL IN Equity,POL IN Equity.1,NACL IN Equity,NELCO IN Equity,SLI IN Equity
2002-06-28,GRWRHITE IN Equity,SUNF IN Equity,NINV IN Equity,UTTM IN Equity,RALI IN Equity,VEDL IN Equity,TATASLPL IN Equity,CENT IN Equity,JSTL IN Equity,DCW IN Equity,APTY IN Equity,EXL IN Equity,LML IN Equity,SAIL IN Equity,ATCP IN Equity,SABTN IN Equity,ARVND IN Equity,TNNP IN Equity,GMDC IN Equity,VKI IN Equity
2002-07-31,ARR IN Equity,ELSC IN Equity,NACL IN Equity,SLI IN Equity,MAST IN Equity,BYRCS IN Equity,ONGC IN Equity,HPCL IN Equity,MIRC IN Equity,TMX IN Equity,IPCL IN Equity,BHFC IN Equity,KMB IN Equity,PJC IN Equity,BLJT IN Equity,CIS IN Equity,EIM IN Equity,IRS IN Equity,BHE IN Equity,JKBK IN Equity
2002-08-30,BSOFT IN Equity,SUBX IN Equity,BLSI IN Equity,MPHL IN Equity,GCPL IN Equity,BYRCS IN Equity,ALSF IN Equity,CYL IN Equity,ACCELYA IN Equity,ORIT IN Equity,CMC IN Equity,ZENT IN Equity,TPS IN Equity,SHY IN Equity,APTY IN Equity,AFTK IN Equity,AGG IN Equity,MAST IN Equity,GEO IN Equity,LML IN Equity
2002-09-30,ARR IN Equity,GRWRHITE IN Equity,ALSF IN Equity,ORIT IN Equity,GENE IN Equity,BSOFT IN Equity,TRENT IN Equity,NXTD IN Equity,IRS IN Equity,APTY IN Equity,CGPOWER IN Equity,NINV IN Equity,GMDC IN Equity,POL IN Equity.1,POL IN Equity,EIM IN Equity,MIRC IN Equity,MPHL IN Equity,LML IN Equity,BRPL IN Equity
2002-10-31,BEML IN Equity,HMT IN Equity,HPCL IN Equity,JSTL IN Equity,GEO IN Equity,BHE IN Equity,MPHL IN Equity,CYL IN Equity,NLC IN Equity,APTY IN Equity,RCF IN Equity,SUBX IN Equity,KS IN Equity,HOC IN Equity,RALI IN Equity,SUNF IN Equity,ONGC IN Equity,EMCO IN Equity,NINV IN Equity,SLT IN Equity
2002-11-29,63MOONS IN Equity,SQD IN Equity,PRTN IN Equity,SLVR IN Equity,PFSW IN Equity,LES IN Equity,MIT IN Equity,SLT IN Equity,TTAN IN Equity,NIIT IN Equity,HM IN Equity,ATCO IN Equity,SUNF IN Equity,UTTM IN Equity,ALSF IN Equity,ONT IN Equity,PVPV IN Equity,BLSI IN Equity,CRSA IN Equity,KS IN Equity
2002-12-31,SLT IN Equity,KOBO IN Equity,ALBC IN Equity,NFL IN Equity,BOB IN Equity,HDPH IN Equity,ORIT IN Equity,ENGR IN Equity,ANDB IN Equity,PJC IN Equity,IPCA IN Equity,HOC IN Equity,BEML IN Equity,SUBX IN Equity,BOI IN Equity,SAIL IN Equity,CMC IN Equity,FB IN Equity,NCS IN Equity,JKBK IN Equity
2003-01-31,TLDI IN Equity,HDPH IN Equity,MBI IN Equity,ANDB IN Equity,JKBK IN Equity,SLT IN Equity,JSWISPL IN Equity,IOB IN Equity,NINV IN Equity,IPCL IN Equity,BHFC IN Equity,VJYBK IN Equity,ABAN IN Equity,UCAL IN Equity,IPCA IN Equity,BFUT IN Equity,UTTM IN Equity,GCPL IN Equity,JSP IN Equity,MHS IN Equity
2003-02-28,PJC IN Equity,TLDI IN Equity,HDPH IN Equity,BFUT IN Equity,IGLY IN Equity,BPCL IN Equity,GRWRHITE IN Equity,KOBO IN Equity,NELCO IN Equity,BHFC IN Equity,BSOFT IN Equity,GCPL IN Equity,GIP IN Equity,MAXF IN Equity,VEDL IN Equity,HPCL IN Equity,COSMOFIRIN Equity,ELSC IN Equity,MAST IN Equity,EMCO IN Equity
2003-03-31,PNB IN Equity,BOB IN Equity,APTY IN Equity,VJYBK IN Equity,ANDB IN Equity,IOB IN Equity,NINV IN Equity,CLRC IN Equity,HPCL IN Equity,CEAT IN Equity,MHS IN Equity,IGLY IN Equity,IPCL IN Equity,BHFC IN Equity,MPHL IN Equity,IPCA IN Equity,SCI IN Equity,MPS IN Equity,ZSS IN Equity,SANL IN Equity
2003-04-30,RCF IN Equity,PRTN IN Equity,HMFC IN Equity,CRSA IN Equity,TLDI IN Equity,COSMOFIRIN Equity,OBC IN Equity,HDPH IN Equity,SCI IN Equity,AFTK IN Equity,JKBK IN Equity,NIIT IN Equity,HOC IN Equity,SNDB IN Equity,RMW IN Equity,BEML IN Equity,Z IN Equity,SABTN IN Equity,GIP IN Equity,IOB IN Equity
2003-05-30,MRPL IN Equity,IDBI IN Equity,MCF IN Equity,BRPL IN Equity,JI IN Equity,HMFC IN Equity,HOE IN Equity,IFCI IN Equity,MRL IN Equity,JSTL IN Equity,FB IN Equity,KBL IN Equity,ICEM IN Equity,SBBJ IN Equity,TLDI IN Equity,OBC IN Equity,IPCA IN Equity,VJYBK IN Equity,PNB IN Equity,ARVND IN Equity
2003-06-30,WLCO IN Equity,KOP IN Equity,JSWISPL IN Equity,ARR IN Equity,PVPV IN Equity,KS IN Equity,CESC IN Equity,NFL IN Equity,JSWI IN Equity,VL IN Equity,GEPIL IN Equity,LPC IN Equity,ABAN IN Equity,JSAW IN Equity,ORCP IN Equity,ESRS IN Equity,SAPH IN Equity,EXL IN Equity,SAIL IN Equity,SOTL IN Equity
2003-07-31,MRLN IN Equity,NLL IN Equity,AXSB IN Equity,IVRC IN Equity,TATASTL IN Equity,KOBO IN Equity,JYS IN Equity,JPO IN Equity,ALOK IN Equity,HZ IN Equity,BCORP IN Equity,FLFD IN Equity,FML IN Equity,ELEQ IN Equity,BRPL IN Equity,VJYBK IN Equity,JSWI IN Equity,MAN IN Equity,MM IN Equity,SAIL IN Equity
2003-08-29,IFCI IN Equity,SAIL IN Equity,MRPL IN Equity,UVSL IN Equity,BRPL IN Equity,BEPL IN Equity,MORE IN Equity,OMAX IN Equity,HEXW IN Equity,JSTL IN Equity,OPTC IN Equity,FDCLT IN Equity,JSP IN Equity,IPCA IN Equity,HOE IN Equity,FLFD IN Equity,ESRS IN Equity,CGPOWER IN Equity,TTLS IN Equity,ELDP IN Equity
2003-09-30,BEML IN Equity,HCLI IN Equity,JUBLPHARIN Equity,VEDL IN Equity,FML IN Equity,WLCO IN Equity,GALK IN Equity,MBI IN Equity,ARBP IN Equity,HZ IN Equity,TNNP IN Equity,ABAN IN Equity,PPC IN Equity,EMCO IN Equity,ALBC IN Equity,JSAW IN Equity,OFSS IN Equity,ELDP IN Equity,OBC IN Equity,SUBX IN Equity
2003-10-31,CESC IN Equity,BD IN Equity,DCW IN Equity,STLT IN Equity,PPC IN Equity,MM IN Equity,VJYBK IN Equity,ALOK IN Equity,GIP IN Equity,MBI IN Equity,TATA IN Equity,MAN IN Equity,IGLY IN Equity,NJCC IN Equity,IDBI IN Equity,GRASIM IN Equity,BOB IN Equity,SCI IN Equity,LICHF IN Equity,HEXW IN Equity
2003-11-28,AMFG IN Equity,INTEC IN Equity,STLT IN Equity,SHDSL IN Equity,FPL IN Equity,JYS IN Equity,TATASTL IN Equity,GIP IN Equity,VRNS IN Equity,TTLS IN Equity,IGLY IN Equity,ICEM IN Equity,GESCO IN Equity,MAN IN Equity,VEDL IN Equity,HZ IN Equity,IVRC IN Equity,SCI IN Equity,WLSI IN Equity,BCORP IN Equity
2003-12-31,JPO IN Equity,NJCC IN Equity,GNP IN Equity,TLDI IN Equity,AXSB IN Equity,JSP IN Equity,JSWISPL IN Equity,INSW IN Equity,SIEM IN Equity,JKBK IN Equity,PVPV IN Equity,KOP IN Equity,GAIL IN Equity,KS IN Equity,GMDC IN Equity,GNC IN Equity,WLSI IN Equity,SUBX IN Equity,ARBP IN Equity,IVRC IN Equity
2004-01-30,RCF IN Equity,HCLI IN Equity,BHARTI IN Equity,UL IN Equity,VJYBK IN Equity,TPWR IN Equity,AXSB IN Equity,TTMT IN Equity,FML IN Equity,GRASIM IN Equity,IDBI IN Equity,GNC IN Equity,IFCI IN Equity,MRPL IN Equity,GSFC IN Equity,MM IN Equity,GNP IN Equity,PVPV IN Equity,ALOK IN Equity,EMCO IN Equity
2004-02-27,RELI IN Equity,CAST IN Equity,ZYDUSLIFIN Equity,DIVI IN Equity,BIL IN Equity,JKBK IN Equity,IPCA IN Equity,OBC IN Equity,HDPH IN Equity,FDCLT IN Equity,EMCO IN Equity,MM IN Equity,KOP IN Equity,SIEM IN Equity,JPO IN Equity,VJYBK IN Equity,LPC IN Equity,BD IN Equity,TATA IN Equity,BHARTI IN Equity
2004-03-31,MRL IN Equity,FB IN Equity,IOB IN Equity,GNC IN Equity,HCLI IN Equity,GSFC IN Equity,IVRC IN Equity,MRLN IN Equity,BCORP IN Equity,SLT IN Equity,TMX IN Equity,KFL IN Equity,IOCL IN Equity,EMCO IN Equity,ALBC IN Equity,VJYBK IN Equity,TPWR IN Equity,BHARTI IN Equity,BOB IN Equity,BRPL IN Equity
2004-04-30,DSM IN Equity,PSLL IN Equity,CAST IN Equity,BCORP IN Equity,BJH IN Equity,BRCM IN Equity,STSG IN Equity,SINT IN Equity,TATASTL IN Equity,IIB IN Equity,ELDP IN Equity,KOP IN Equity,LPC IN Equity,SAPH IN Equity,WLCO IN Equity,WPL IN Equity,GSFC IN Equity,TATASLPL IN Equity,TTLS IN Equity,SHDSL IN Equity
2004-05-31,MAXF IN Equity,JDPF IN Equity,MPHL IN Equity,ARTO IN Equity,VL IN Equity,EDC IN Equity,TTLS IN Equity,ALOK IN Equity,GNP IN Equity,IIB IN Equity,ZYDUSLIFIN Equity,WLSI IN Equity,BD IN Equity,DIVI IN Equity,PFSW IN Equity,HAVL IN Equity,HDPH IN Equity,GESCO IN Equity,MM IN Equity,BOS IN Equity
2004-06-30,TLDI IN Equity,KSLD IN Equity,TATASTL IN Equity,ABAN IN Equity,ATCP IN Equity,AXSB IN Equity,GESCO IN Equity,MRLN IN Equity,SCI IN Equity,SLT IN Equity,RELI IN Equity,GSFC IN Equity,IOB IN Equity,BHEL IN Equity,KS IN Equity,SIEM IN Equity,JSAW IN Equity,SINT IN Equity,HEXW IN Equity,VEDL IN Equity
2004-07-30,INAC IN Equity,UTTM IN Equity,TATASLPL IN Equity,GNC IN Equity,BJH IN Equity,SINT IN Equity,ADE IN Equity,VEDL IN Equity,GALK IN Equity,MAN IN Equity,PRJ IN Equity,TATASTL IN Equity,BEML IN Equity,JSWISPL IN Equity,GIP IN Equity,VL IN Equity,GMDC IN Equity,JSWI IN Equity,DSM IN Equity,MRLN IN Equity
2004-08-31,BRAE IN Equity,HOE IN Equity,JKLC IN Equity,ABAN IN Equity,HEIM IN Equity,ERIE IN Equity,JSWISPL IN Equity,PRJ IN Equity,MGC IN Equity,DSM IN Equity,IGLY IN Equity,TTAN IN Equity,KS IN Equity,LML IN Equity,KSI IN Equity,BCORP IN Equity,BDE IN Equity,SINT IN Equity,SRF IN Equity,BJH IN Equity
2004-09-30,SVOG IN Equity,ISL IN Equity,ZSS IN Equity,JCPL IN Equity,OIL IN Equity,GNP IN Equity,OPTC IN Equity,SEAM IN Equity,MRLN IN Equity,UL IN Equity,MRZI IN Equity,BRAE IN Equity,SPET IN Equity,INAC IN Equity,BEML IN Equity,AFTK IN Equity,HCBA IN Equity,HOE IN Equity,INSW IN Equity,CAST IN Equity
2004-10-29,OPTC IN Equity,ISL IN Equity,CCLP IN Equity,GNC IN Equity,MRKS IN Equity,INSW IN Equity,PRJ IN Equity,RALI IN Equity,ZSS IN Equity,GALK IN Equity,MRZI IN Equity,BILC IN Equity,MRL IN Equity,BDE IN Equity,PNCB IN Equity,RDCK IN Equity,RCP IN Equity,ARTD IN Equity,MUS IN Equity,FPL IN Equity
2004-11-30,SJET IN Equity,UNSP IN Equity,PFSW IN Equity,NPFL IN Equity,HLV IN Equity,TRID IN Equity,TRENT IN Equity,63MOONS IN Equity,RALI IN Equity,KOBO IN Equity,SHAW IN Equity,SRF IN Equity,PNCB IN Equity,NSM IN Equity,ARVND IN Equity,MRLN IN Equity,JSWI IN Equity,IOB IN Equity,MUS IN Equity,PPC IN Equity
2004-12-31,HMFC IN Equity,LVB IN Equity,DSM IN Equity,CIS IN Equity,KBL IN Equity,BOR IN Equity,HAVL IN Equity,HM IN Equity,BJH IN Equity,ARTO IN Equity,GSCL IN Equity,PRSMJ IN Equity,MCF IN Equity,GNC IN Equity,GNP IN Equity,GDSP IN Equity,JCT IN Equity,IFCI IN Equity,SJET IN Equity,JKBK IN Equity
2005-01-31,SJET IN Equity,BJH IN Equity,DSM IN Equity,LIIL IN Equity,SREI IN Equity,63MOONS IN Equity,VEDL IN Equity,BCORP IN Equity,MAXF IN Equity,BHFC IN Equity,CCLP IN Equity,GSFC IN Equity,PATANJALIN Equity,PRJ IN Equity,CAST IN Equity,HMFC IN Equity,ALBC IN Equity,BRGR IN Equity,JSWISPL IN Equity,HLV IN Equity
2005-02-28,MLIFE IN Equity,BSEL IN Equity,LKEF IN Equity,SHAW IN Equity,KS IN Equity,JKI IN Equity,GNC IN Equity,MGSF IN Equity,CEAT IN Equity,ABAN IN Equity,HM IN Equity,JCT IN Equity,CENT IN Equity,MUK IN Equity,SKF IN Equity,EMCO IN Equity,CYL IN Equity,PFSW IN Equity,UNSP IN Equity,VEDL IN Equity
2005-03-31,PATANJALIN Equity,UTTM IN Equity,KPP IN Equity,RJEX IN Equity,UNSP IN Equity,GTO IN Equity,ALBK IN Equity,MAXF IN Equity,TATASTL IN Equity,GMON IN Equity,NJCC IN Equity,BD IN Equity,STSG IN Equity,IVRC IN Equity,ANDB IN Equity,BOI IN Equity,MUK IN Equity,HCC IN Equity,HOE IN Equity,ABAN IN Equity
2005-04-29,GETD IN Equity,BEML IN Equity,SRF IN Equity,RIIL IN Equity,AWL IN Equity,GEPIL IN Equity,HOE IN Equity,HCC IN Equity,ESAB IN Equity,UNSP IN Equity,HAVL IN Equity,KPP IN Equity,HLV IN Equity,NJCC IN Equity,LKEF IN Equity,LIIL IN Equity,EMCO IN Equity,JSAW IN Equity,CENT IN Equity,UVSL IN Equity
2005-05-31,GDSP IN Equity,JBF IN Equity,SJET IN Equity,SKNL IN Equity,BSEL IN Equity,ALPI IN Equity,LKEF IN Equity,PATANJALIN Equity,KBL IN Equity,GMON IN Equity,BOI IN Equity,TTAN IN Equity,AWL IN Equity,NSM IN Equity,KMB IN Equity,TRENT IN Equity,HAVL IN Equity,HMFC IN Equity,IVRC IN Equity,SREI IN Equity
2005-06-30,ASAM IN Equity,RCAPT IN Equity,CRSA IN Equity,HMIT IN Equity,63MOONS IN Equity,RMW IN Equity,PRJ IN Equity,GTO IN Equity,ITI IN Equity,GHCL IN Equity,SRF IN Equity,RIIL IN Equity,TTAN IN Equity,BRGR IN Equity,SKNL IN Equity,NDTV IN Equity,KS IN Equity,ADF IN Equity,JAO IN Equity,AWL IN Equity
2005-07-29,ITI IN Equity,KLGS IN Equity,TCOM IN Equity,HMT IN Equity,63MOONS IN Equity,HAVL IN Equity,APTR IN Equity,SRF IN Equity,KBL IN Equity,EID IN Equity,CRSA IN Equity,BOI IN Equity,BJH IN Equity,GETD IN Equity,RMKF IN Equity,SNDB IN Equity,MLIFE IN Equity,LIIL IN Equity,BRCM IN Equity,TTAN IN Equity
2005-08-31,SPAN IN Equity,ERIE IN Equity,GHCL IN Equity,BSEL IN Equity,UFLX IN Equity,GEOD IN Equity,CIS IN Equity,EDC IN Equity,CRSA IN Equity,HEIM IN Equity,USM IN Equity,HCC IN Equity,UVSL IN Equity,SHY IN Equity,GMON IN Equity,MRLN IN Equity,SKNL IN Equity,PRJ IN Equity,NJCC IN Equity,TRENT IN Equity
2005-09-30,PSLL IN Equity,RIIL IN Equity,VEDL IN Equity,63MOONS IN Equity,PNCB IN Equity,CYL IN Equity,LIIL IN Equity,UNSP IN Equity,USM IN Equity,APHS IN Equity,HAVL IN Equity,VOLT IN Equity,SBIN IN Equity,MRLN IN Equity,BEML IN Equity,HCC IN Equity,GNP IN Equity,SIEM IN Equity,SREI IN Equity,CBOP IN Equity
2005-10-31,CAST IN Equity,CYL IN Equity,VRNS IN Equity,AZTEC IN Equity,BATA IN Equity,DABUR IN Equity,TTAN IN Equity,CCRI IN Equity,DEWH IN Equity,HAVL IN Equity,PLNG IN Equity,LIIL IN Equity,HMT IN Equity,ESAB IN Equity,SHY IN Equity,EDC IN Equity,BRCM IN Equity,GETD IN Equity,RJEX IN Equity,RCAPT IN Equity
2005-11-30,ITI IN Equity,APTR IN Equity,MLIFE IN Equity,SIEM IN Equity,TTAN IN Equity,HCC IN Equity,DECH IN Equity,KLGS IN Equity,UB IN Equity,JI IN Equity,ESAB IN Equity,POL IN Equity.1,POL IN Equity,HOE IN Equity,RLTA IN Equity,63MOONS IN Equity,MM IN Equity,RIIL IN Equity,AFTK IN Equity,BHEL IN Equity
2005-12-30,AURFI IN Equity,ASEL IN Equity,GTO IN Equity,AGG IN Equity,STSG IN Equity,BJH IN Equity,KEII IN Equity,BRCM IN Equity,TTAN IN Equity,ERIE IN Equity,SARE IN Equity,MRLN IN Equity,DABUR IN Equity,BEML IN Equity,SLCL IN Equity,BD IN Equity,BFUT IN Equity,OPTC IN Equity,SJET IN Equity,SICL IN Equity
2006-01-31,OUDH IN Equity,RIIL IN Equity,RIL IN Equity,LKEF IN Equity,BFUT IN Equity,SARE IN Equity,ERIE IN Equity,KLGS IN Equity,IVRC IN Equity,STSG IN Equity,IH IN Equity,STLT IN Equity,ABB IN Equity,ARBP IN Equity,GMON IN Equity,GTO IN Equity,ICEM IN Equity,BHEL IN Equity,BRCM IN Equity,JSWISPL IN Equity
2006-02-28,JTI IN Equity,ABAN IN Equity,LKEF IN Equity,GETD IN Equity,KKC IN Equity,APIL IN Equity,CIPLA IN Equity,VOLT IN Equity,BJHI IN Equity,PNCB IN Equity,DRRD IN Equity,TTMT IN Equity,CLGT IN Equity,UNSP IN Equity,ATFL IN Equity,BHEL IN Equity,AZTEC IN Equity,ERIE IN Equity,BEML IN Equity,VGM IN Equity
2006-03-31,PENL IN Equity,KPP IN Equity,RJEX IN Equity,GETD IN Equity,UT IN Equity,HEIM IN Equity,GOCL IN Equity,HZ IN Equity,JYS IN Equity,PRJ IN Equity,UNSP IN Equity,ASEL IN Equity,IBULL IN Equity,IVRC IN Equity,63MOONS IN Equity,ABAN IN Equity,STSG IN Equity,STLT IN Equity,BJH IN Equity,TCOM IN Equity
2006-04-28,UT IN Equity,HZ IN Equity,GOCL IN Equity,SOTL IN Equity,OPTC IN Equity,ESOIL IN Equity,MLIFE IN Equity,APIL IN Equity,ERIE IN Equity,STLT IN Equity,PRMC IN Equity,GTO IN Equity,RIIL IN Equity,NTB IN Equity,MGC IN Equity,KSI IN Equity,BD IN Equity,CENT IN Equity,ICEM IN Equity,PENL IN Equity
2006-05-31,UT IN Equity,RIIL IN Equity,APIL IN Equity,NXTD IN Equity,VRNS IN Equity,LKEF IN Equity,OPTC IN Equity,VOLT IN Equity,JSP IN Equity,MM IN Equity,VEDL IN Equity,AURFI IN Equity,BHDIL IN Equity,RIL IN Equity,JI IN Equity,PRJ IN Equity,KMB IN Equity,TTAN IN Equity,SARE IN Equity,BJHI IN Equity
2006-06-30,UTCEM IN Equity,RIL IN Equity,UT IN Equity,GRASIM IN Equity,MSIL IN Equity,ABB IN Equity,HEIM IN Equity,CLGT IN Equity,DABUR IN Equity,ACC IN Equity,TTMT IN Equity,BHEL IN Equity,KPP IN Equity,NACL IN Equity,BJHI IN Equity,ARBP IN Equity,HNDL IN Equity,MTNL IN Equity,ICEM IN Equity,LT IN Equity
2006-07-31,KSI IN Equity,SNDB IN Equity,POL IN Equity,POL IN Equity.1,UNSP IN Equity,TRCL IN Equity,HEIM IN Equity,SRCM IN Equity,ICEM IN Equity,CRPBK IN Equity,GETD IN Equity,Z IN Equity,CIPLA IN Equity,HCLI IN Equity,CENT IN Equity,HAVL IN Equity,OPTC IN Equity,ACC IN Equity,GRASIM IN Equity,ARBP IN Equity
2006-08-31,SOTL IN Equity,ASEL IN Equity,GHCL IN Equity,RLTA IN Equity,IIB IN Equity,MLIFE IN Equity,AREAL IN Equity,ERIE IN Equity,PENL IN Equity,KSO IN Equity,GOCL IN Equity,HMT IN Equity,ALPI IN Equity,IBULL IN Equity,KSI IN Equity,BD IN Equity,ABAN IN Equity,PRMC IN Equity,RJEX IN Equity,ANSALHSG IN Equity
2006-09-29,UT IN Equity,OGL IN Equity,ESCORTS IN Equity,63MOONS IN Equity,APIL IN Equity,IBULL IN Equity,CRPBK IN Equity,KSI IN Equity,RJEX IN Equity,HMT IN Equity,SICL IN Equity,JYS IN Equity,GEPIL IN Equity,KSO IN Equity,PRMC IN Equity,MGC IN Equity,PENL IN Equity,ITI IN Equity,AURFI IN Equity,JETIN IN Equity
2006-10-31,AREAL IN Equity,GDSP IN Equity,LOK IN Equity,HZ IN Equity,APIL IN Equity,PENL IN Equity,BSEL IN Equity,LMW IN Equity,VKI IN Equity,UBBL IN Equity,ANSALHSG IN Equity,CAST IN Equity,REIA IN Equity,OPTC IN Equity,GTO IN Equity,GEPIL IN Equity,ABB IN Equity,DIVI IN Equity,BFUT IN Equity,UNSP IN Equity
2006-11-30,DNI IN Equity,IOLB IN Equity,IVRC IN Equity,ELCN IN Equity,AREAL IN Equity,DSK IN Equity,BFUT IN Equity,AIAE IN Equity,GNP IN Equity,IBULL IN Equity,BZL IN Equity,63MOONS IN Equity,KSO IN Equity,ACEM IN Equity,UT IN Equity,Z IN Equity,WI IN Equity,MLIFE IN Equity,KEII IN Equity,CENT IN Equity
2006-12-29,IOLB IN Equity,TLDI IN Equity,RJEX IN Equity,EDSL IN Equity,LML IN Equity,POL IN Equity.1,POL IN Equity,EKCL IN Equity,ABAN IN Equity,UTCEM IN Equity,OFSS IN Equity,REIA IN Equity,NXTD IN Equity,FMGI IN Equity,JSTL IN Equity,ELCN IN Equity,COFORGE IN Equity,DNI IN Equity,MPHL IN Equity,IBULL IN Equity
2007-01-31,IFCI IN Equity,TLDI IN Equity,CMC IN Equity,PRJ IN Equity,KSO IN Equity,III IN Equity,NDTV IN Equity,VEDL IN Equity,IDFC IN Equity,KPP IN Equity,HAVL IN Equity,JYS IN Equity,POL IN Equity,POL IN Equity.1,IBULL IN Equity,KEII IN Equity,COFORGE IN Equity,ORCP IN Equity,PRMC IN Equity,RLTA IN Equity
2007-02-28,TVTN IN Equity,ABAN IN Equity,PRJ IN Equity,JAGP IN Equity,IBULL IN Equity,63MOONS IN Equity,IFCI IN Equity,APTR IN Equity,BJH IN Equity,JSAW IN Equity,JI IN Equity,EXID IN Equity,KBL IN Equity,JSTL IN Equity,BHARTI IN Equity,EKCL IN Equity,NDTV IN Equity,GVKP IN Equity,COFORGE IN Equity,GEPIL IN Equity
2007-03-30,SHRS IN Equity,STSG IN Equity,TLDI IN Equity,TATASTL IN Equity,IFCI IN Equity,IOLB IN Equity,TRE IN Equity,DNI IN Equity,KSO IN Equity,DSK IN Equity,ORCP IN Equity,GNP IN Equity,ABAN IN Equity,KMB IN Equity,UNSP IN Equity,CRPBK IN Equity,BRCM IN Equity,BJH IN Equity,COFORGE IN Equity,EKCL IN Equity
2007-04-30,APTR IN Equity,EDSL IN Equity,TLDI IN Equity,IFCI IN Equity,PRJ IN Equity,WLCO IN Equity,DECH IN Equity,ABAN IN Equity,SRF IN Equity,RLTA IN Equity,BCORP IN Equity,III IN Equity,EKCL IN Equity,ASEL IN Equity,JSP IN Equity,OFSS IN Equity,GEPIL IN Equity,MBI IN Equity,DIVI IN Equity,JSTL IN Equity
2007-05-31,UB IN Equity,UTV IN Equity,IIFL IN Equity,UNSP IN Equity,KAIR IN Equity,DIVI IN Equity,UT IN Equity,EDSL IN Equity,RCAPT IN Equity,COFORGE IN Equity,SHRS IN Equity,BLJT IN Equity,WLCO IN Equity,GNC IN Equity,KEII IN Equity,NFCL IN Equity,CEAT IN Equity,KSO IN Equity,GVKP IN Equity,RJEX IN Equity
2007-06-29,JFI IN Equity,ASEL IN Equity,GEPIL IN Equity,63MOONS IN Equity,ENIL IN Equity,IDBI IN Equity,EDSL IN Equity,SREI IN Equity,WLCO IN Equity,GEOD IN Equity,JSAW IN Equity,TTAN IN Equity,IFCI IN Equity,ABB IN Equity,IOLB IN Equity,OFSS IN Equity,PUNJ IN Equity,GESCO IN Equity,MHS IN Equity,KMB IN Equity
2007-07-31,ERIE IN Equity,UB IN Equity,ABGS IN Equity,JCHAC IN Equity,KSO IN Equity,GPIN IN Equity,OPTC IN Equity,JSP IN Equity,JSTL IN Equity,ASEL IN Equity,GEOD IN Equity,LT IN Equity,JFI IN Equity,KKC IN Equity,DBNK IN Equity.1,DBNK IN Equity,CGPOWER IN Equity,EDSL IN Equity,SAIL IN Equity,SREI IN Equity
2007-08-31,JFI IN Equity,NFCL IN Equity,REIA IN Equity,VAMP IN Equity,JSWI IN Equity,TRE IN Equity,SNGI IN Equity,GPIN IN Equity,JPVL IN Equity,TTSL IN Equity,INDT IN Equity,IFCI IN Equity,TVSL IN Equity,SAIL IN Equity,EDSL IN Equity,TTLS IN Equity,BHEL IN Equity,JPA IN Equity,TATASTL IN Equity,BCORP IN Equity
2007-09-28,RIIL IN Equity,RNR IN Equity,WI IN Equity,JFI IN Equity,REIA IN Equity,MRPL IN Equity,RJEX IN Equity,RELI IN Equity,IFCI IN Equity,JPVL IN Equity,UCO IN Equity,NFCL IN Equity,KSO IN Equity,GNC IN Equity,JSWI IN Equity,TRE IN Equity,NLC IN Equity,TTLS IN Equity,CETL IN Equity,UTV IN Equity
2007-10-31,JSP IN Equity,MRF IN Equity,RIIL IN Equity,WI IN Equity,TPW IN Equity,JFI IN Equity,MRLN IN Equity,RMW IN Equity,RPET IN Equity,HCC IN Equity,RELI IN Equity,ADML IN Equity,PUNJ IN Equity,LT IN Equity,LICHF IN Equity,VEDL IN Equity,KLGS IN Equity,GESCO IN Equity,TPWR IN Equity,DIVI IN Equity
2007-11-30,ESOIL IN Equity,JSWI IN Equity,NLC IN Equity,KAIR IN Equity,MRPL IN Equity,GMRI IN Equity,RNR IN Equity,BRPL IN Equity,DEWH IN Equity,JPVL IN Equity,DCBB IN Equity,UCO IN Equity,RCF IN Equity,CETL IN Equity,EKCL IN Equity,ABGS IN Equity,HOE IN Equity,WLCO IN Equity,TATASTL IN Equity,CHMB IN Equity
2007-12-31,VCLF IN Equity,GTLI IN Equity,HMFC IN Equity,KARG IN Equity,JSWI IN Equity,LANCI IN Equity,RCF IN Equity,LOK IN Equity,PATANJALIN Equity,AURFI IN Equity,IIFL IN Equity,GSCL IN Equity,UIP IN Equity,ERIE IN Equity,NTB IN Equity,SHRS IN Equity,RMW IN Equity,CETL IN Equity,PKI IN Equity,SITINET IN Equity
2008-01-31,IBULL IN Equity,AXSB IN Equity,INBK IN Equity,RJEX IN Equity,WLCO IN Equity,GNC IN Equity,UTV IN Equity,UCO IN Equity,SBIN IN Equity,RELI IN Equity,GVKP IN Equity,LT IN Equity,IDFC IN Equity,TPWR IN Equity,VAMP IN Equity,JPA IN Equity,SHRS IN Equity,SINT IN Equity,ERIE IN Equity,UNSP IN Equity
2008-02-29,WI IN Equity,WHIRL IN Equity,SHRS IN Equity,NFCL IN Equity,GTO IN Equity,CHMB IN Equity,EDSL IN Equity,KSO IN Equity,BOR IN Equity,SAIL IN Equity,TRE IN Equity,ADML IN Equity,IFCI IN Equity,ESOIL IN Equity,VEDL IN Equity,HOE IN Equity,GNC IN Equity,SITINET IN Equity,ABAN IN Equity,ARBP IN Equity
2008-03-31,JSWISPL IN Equity,ABGS IN Equity,REDI IN Equity,TECHM IN Equity,PLNG IN Equity,NTB IN Equity,UTV IN Equity,PATNI IN Equity,DIVI IN Equity,GESCO IN Equity,VEDL IN Equity,LICHF IN Equity,MRPL IN Equity,EDSL IN Equity,JSP IN Equity,CETL IN Equity,RPET IN Equity,ERIE IN Equity,VOLT IN Equity,ARBP IN Equity
2008-04-30,RIIL IN Equity,SKNL IN Equity,OFSS IN Equity,COFORGE IN Equity,LANCI IN Equity,ARVND IN Equity,GNP IN Equity,CHMB IN Equity,RCF IN Equity,ESOIL IN Equity,POL IN Equity.1,POL IN Equity,VEDL IN Equity,SOTL IN Equity,GITG IN Equity,SHRS IN Equity,JPVL IN Equity,MRPL IN Equity,NLC IN Equity,TECHM IN Equity
2008-05-30,JSTL IN Equity,CHMB IN Equity,NACL IN Equity,MRLN IN Equity,MLIFE IN Equity,CAIR IN Equity,TATASTL IN Equity,JSWISPL IN Equity,IFCI IN Equity,MHS IN Equity,GVKP IN Equity,MBI IN Equity,BOR IN Equity,PATNI IN Equity,PKI IN Equity,ERIE IN Equity,VEDL IN Equity,GITG IN Equity,COFORGE IN Equity,NFCL IN Equity
2008-06-30,SPCM IN Equity,GCVL IN Equity,OFSS IN Equity,SASKEN IN Equity,GMDC IN Equity,GHCL IN Equity,CETL IN Equity,ARBP IN Equity,TATASTL IN Equity,SHRS IN Equity,TMX IN Equity,GTLI IN Equity,GNC IN Equity,ICEM IN Equity,COFORGE IN Equity,BRPL IN Equity,PATNI IN Equity,CHMB IN Equity,HMFC IN Equity,JETIN IN Equity
2008-07-31,SXT IN Equity,RNR IN Equity,BPCL IN Equity,MRKS IN Equity,RCAPT IN Equity,JFI IN Equity,SIEM IN Equity,TRE IN Equity,RCF IN Equity,GDSP IN Equity,KAIR IN Equity,POWF IN Equity,BOB IN Equity,APIL IN Equity,DLFU IN Equity,IIFL IN Equity,PENL IN Equity,GDPL IN Equity,SHRS IN Equity,MRPL IN Equity
2008-08-29,ALTA IN Equity,CETL IN Equity,GOFF IN Equity,INBK IN Equity,FSOL IN Equity,SUBX IN Equity,GHCL IN Equity,DITV IN Equity,KSO IN Equity,ARBP IN Equity,KMB IN Equity,APTR IN Equity,PKI IN Equity,IDBI IN Equity,APIL IN Equity,PUNJ IN Equity,ESOIL IN Equity,BFUT IN Equity,GMRI IN Equity,GTO IN Equity
2008-09-30,MBI IN Equity,IOCL IN Equity,SPCM IN Equity,TVSL IN Equity,ABAN IN Equity,SIEL IN Equity,GEPIL IN Equity,PUNJ IN Equity,IIB IN Equity,POWF IN Equity,KMB IN Equity,ICEM IN Equity,HLV IN Equity,GTLI IN Equity,IDBI IN Equity,SUBX IN Equity,APIL IN Equity,CETL IN Equity,MRPL IN Equity,GMRI IN Equity
2008-10-31,HDIL IN Equity,IDFC IN Equity,RJEX IN Equity,MBI IN Equity,IBULL IN Equity,IBREL IN Equity,GMDC IN Equity,GNC IN Equity,SIEL IN Equity,HMFC IN Equity,DCBB IN Equity,JPVL IN Equity,SKNL IN Equity,STLT IN Equity,SOBHA IN Equity,NJCC IN Equity,JPA IN Equity,NLC IN Equity,NFCL IN Equity,GEPIL IN Equity
2008-11-28,IVRC IN Equity,GVKP IN Equity,EEDU IN Equity,TTLS IN Equity,KARG IN Equity,PHNX IN Equity,63MOONS IN Equity,RELI IN Equity,GMRI IN Equity,DITV IN Equity,SITINET IN Equity,DECH IN Equity,LANCI IN Equity,RJEX IN Equity,GEPIL IN Equity,MRKS IN Equity,JPVL IN Equity,NJCC IN Equity,ALTA IN Equity,TRE IN Equity
2008-12-31,KARG IN Equity,BJH IN Equity,NDTV IN Equity,UT IN Equity,HDIL IN Equity,GMDC IN Equity,JETIN IN Equity,PEC IN Equity,APTR IN Equity,HMFC IN Equity,HCC IN Equity,SUEL IN Equity,JPA IN Equity,KAIR IN Equity,GMRI IN Equity,TATA IN Equity,DLFU IN Equity,IIFL IN Equity,ORB IN Equity,IBREL IN Equity
2009-01-30,GOFF IN Equity,SAIL IN Equity,GNFC IN Equity,RJEX IN Equity,STLT IN Equity,TRE IN Equity,BGRL IN Equity,SUBX IN Equity,UTV IN Equity,DITV IN Equity,BHFC IN Equity,KPP IN Equity,CENT IN Equity,CETL IN Equity,NFCL IN Equity,GMDC IN Equity,63MOONS IN Equity,GHCL IN Equity,TECHM IN Equity,ALTA IN Equity
2009-02-27,SEAM IN Equity,SITINET IN Equity,DITV IN Equity,ABGS IN Equity,JFI IN Equity,FSOL IN Equity,BHFC IN Equity,PNCB IN Equity,LANCI IN Equity,IIFL IN Equity,HDPH IN Equity,CENT IN Equity,GVKP IN Equity,NACL IN Equity,GNP IN Equity,TECHM IN Equity,GSSI IN Equity,ALOK IN Equity,BAIL IN Equity,JSP IN Equity
2009-03-31,BRFL IN Equity,HDPH IN Equity,DECH IN Equity,63MOONS IN Equity,STLT IN Equity,NJCC IN Equity,KPP IN Equity,MLIFE IN Equity,HNDL IN Equity,SKNL IN Equity,SINF IN Equity,JPA IN Equity,ORB IN Equity,VOLT IN Equity,ABAN IN Equity,JSTL IN Equity,UT IN Equity,CENT IN Equity,CETL IN Equity,TTMT IN Equity
2009-04-29,RIIL IN Equity,JFI IN Equity,ARCP IN Equity,ESOIL IN Equity,HDIL IN Equity,CETL IN Equity,JPA IN Equity,SEAM IN Equity,SREI IN Equity,BJH IN Equity,YES IN Equity,LANCI IN Equity,UTV IN Equity,SUEL IN Equity,RCAPT IN Equity,BLJT IN Equity,GITG IN Equity,JSTL IN Equity,BHDIL IN Equity,TANLA IN Equity
2009-05-29,ORB IN Equity,NMDC IN Equity,CAFL IN Equity,PEC IN Equity,ABAN IN Equity,APIL IN Equity,HCC IN Equity,EEDU IN Equity,IVRC IN Equity,63MOONS IN Equity,NJCC IN Equity,PARSV IN Equity,SREI IN Equity,BD IN Equity,IIFL IN Equity,CENT IN Equity,ABGS IN Equity,GICHF IN Equity,IECC IN Equity,HDIL IN Equity
2009-06-30,TECHM IN Equity,BJH IN Equity,BEML IN Equity,TWL IN Equity,SCS IN Equity,BAIL IN Equity,JPVL IN Equity,VOLT IN Equity,EEDU IN Equity,TTSL IN Equity,IIB IN Equity,NIIT IN Equity,BRCM IN Equity,ARBP IN Equity,LICHF IN Equity,JSP IN Equity,YES IN Equity,WLCO IN Equity,MCLR IN Equity,IFCI IN Equity
2009-07-31,HEXW IN Equity,PATANJALIN Equity,SCS IN Equity,BHFC IN Equity,PARSV IN Equity,ADML IN Equity,PATNI IN Equity,DECH IN Equity,RMW IN Equity,VEDL IN Equity,KSI IN Equity,TPW IN Equity,ARCP IN Equity,TVSL IN Equity,GNC IN Equity,DLFU IN Equity,ARBP IN Equity,IBREL IN Equity,MM IN Equity,JSAW IN Equity
2009-08-31,HOE IN Equity,UTTM IN Equity,ABAN IN Equity,BGRL IN Equity,ALDS IN Equity,APTR IN Equity,PATANJALIN Equity,TATASTL IN Equity,MCLR IN Equity,FSOL IN Equity,CETL IN Equity,GMDC IN Equity,APIL IN Equity,SUNF IN Equity,PRSMJ IN Equity,IECC IN Equity,BHDIL IN Equity,HCLT IN Equity,GDSP IN Equity,ORCP IN Equity
2009-09-30,CBOI IN Equity,ESCORTS IN Equity,RJEX IN Equity,SWH IN Equity,TPW IN Equity,ORB IN Equity,JSAW IN Equity,SJET IN Equity,ALBK IN Equity,DHLBK IN Equity,TVSL IN Equity,TATASTL IN Equity,BHFC IN Equity,VEDL IN Equity,HNDL IN Equity,BJAUT IN Equity,YES IN Equity,JSTL IN Equity,TTMT IN Equity,TATA IN Equity
2009-10-30,CGPOWER IN Equity,BRCM IN Equity,YES IN Equity,OFSS IN Equity,VEDL IN Equity,DSM IN Equity,IECC IN Equity,DECH IN Equity,IRB IN Equity,JSP IN Equity,VOLT IN Equity,AL IN Equity,APTY IN Equity,BJH IN Equity,POL IN Equity,POL IN Equity.1,RJEX IN Equity,MM IN Equity,BGRL IN Equity,LANCI IN Equity
2009-11-30,ALTA IN Equity,JSAW IN Equity,GMDC IN Equity,HZ IN Equity,JSTL IN Equity,MCLR IN Equity,SWH IN Equity,JFI IN Equity,SJET IN Equity,ORB IN Equity,GUJS IN Equity,TATA IN Equity,RECL IN Equity,VEDL IN Equity,EVRIN IN Equity,IFCI IN Equity,AIAE IN Equity,JETIN IN Equity,TTMT IN Equity,DSM IN Equity
2009-12-31,BHDIL IN Equity,TPC IN Equity,KIRI IN Equity,CETL IN Equity,SAIL IN Equity,JETIN IN Equity,SJET IN Equity,JYS IN Equity,TTMT IN Equity,IIB IN Equity,PARSV IN Equity,GNC IN Equity,HNDL IN Equity,ESCORTS IN Equity,RJEX IN Equity,RLTA IN Equity,STC IN Equity,RBXY IN Equity,ADML IN Equity,TVSL IN Equity
2010-01-29,HCP IN Equity,NFL IN Equity,KWALITY IN Equity,JFI IN Equity,ABGS IN Equity,STC IN Equity,BD IN Equity,BHDIL IN Equity,DCIL IN Equity,WI IN Equity,NMDC IN Equity,TATASLPL IN Equity,TVSL IN Equity,TRE IN Equity,63MOONS IN Equity,ALBK IN Equity,ITI IN Equity,APTY IN Equity,RJEX IN Equity,HAVL IN Equity
2010-02-26,PATANJALIN Equity,VEDL IN Equity,CETL IN Equity,TATASTL IN Equity,HNDL IN Equity,APTY IN Equity,JSAW IN Equity,ARBP IN Equity,JSTL IN Equity,USM IN Equity,HCLT IN Equity,ESCORTS IN Equity,ERIE IN Equity,RJEX IN Equity,IDFC IN Equity,SIB IN Equity,APIL IN Equity,IVRC IN Equity,ALTA IN Equity,BJAUT IN Equity
2010-03-31,NELCO IN Equity,SKNL IN Equity,ALTA IN Equity,MCLR IN Equity,SIB IN Equity,APTY IN Equity,IECC IN Equity,AIAE IN Equity,GNC IN Equity,ENGR IN Equity,JETIN IN Equity,TELX IN Equity,TRE IN Equity,ADML IN Equity,RJEX IN Equity,VEDL IN Equity,USM IN Equity,FORH IN Equity,TVSL IN Equity,OBC IN Equity
2010-04-30,IBULL IN Equity,CIFC IN Equity,PIEL IN Equity,PATANJALIN Equity,LANCI IN Equity,EIM IN Equity,BATA IN Equity,ESCORTS IN Equity,ALTA IN Equity,DHANI IN Equity,TVSL IN Equity,SOTL IN Equity,TTAN IN Equity,KWALITY IN Equity,VYSB IN Equity,ALBK IN Equity,TTMT IN Equity,CETL IN Equity,Z IN Equity,MOTHERSOIN Equity
2010-05-31,BOR IN Equity,RECL IN Equity,UCO IN Equity,DRRD IN Equity,LPC IN Equity,TVSL IN Equity,EKCL IN Equity,TPW IN Equity,EIM IN Equity,BJAUT IN Equity,BGRL IN Equity,TTAN IN Equity,ALBK IN Equity,CIFC IN Equity,ALTA IN Equity,PATNI IN Equity,APTY IN Equity,NFL IN Equity,POONAWAL IN Equity,IIB IN Equity
2010-06-30,ASTR IN Equity,ATFL IN Equity,AGIS IN Equity,RCOM IN Equity,RMW IN Equity,VIP IN Equity,RNR IN Equity,HOE IN Equity,GLOT IN Equity,MTNL IN Equity,VYSB IN Equity,ORCP IN Equity,ABAN IN Equity,MBI IN Equity,BGRL IN Equity,TVSL IN Equity,SHRS IN Equity,TWL IN Equity,ALTA IN Equity,DABUR IN Equity
2010-07-30,UBBL IN Equity,WH IN Equity,BFUT IN Equity,INOL IN Equity,UB IN Equity,JETIN IN Equity,VIP IN Equity,OBC IN Equity,TTMT/A IN Equity,AGIS IN Equity,UCO IN Equity,CBOI IN Equity,TTAN IN Equity,IDEA IN Equity,ORCP IN Equity,ALBK IN Equity,SKNL IN Equity,TVSL IN Equity,VJYBK IN Equity,BHARTI IN Equity
2010-08-31,JDPF IN Equity,RW IN Equity,ANHPR IN Equity,EIM IN Equity,PATANJALIN Equity,UBBL IN Equity,UFLX IN Equity,KVB IN Equity,TTMT/A IN Equity,TTMT IN Equity,HPCL IN Equity,HAVL IN Equity,UCO IN Equity,PLNG IN Equity,TWO IN Equity,GITG IN Equity,KKC IN Equity,SJET IN Equity,IGL IN Equity,APTY IN Equity
2010-09-30,DELTA IN Equity,SACV IN Equity,NEUTL IN Equity,SHRS IN Equity,ALTA IN Equity,WPL IN Equity,WH IN Equity,JTI IN Equity,UFLX IN Equity,TTKPT IN Equity,GLOT IN Equity,VIP IN Equity,MGFL IN Equity,ORCP IN Equity,KAIR IN Equity,VKI IN Equity,GITG IN Equity,EEDU IN Equity,AGIS IN Equity,PUNJ IN Equity
2010-10-29,NEUTL IN Equity,ABGS IN Equity,IBULL IN Equity,KARG IN Equity,SREI IN Equity,UFLX IN Equity,SUBX IN Equity,JBF IN Equity,VJYBK IN Equity,REIA IN Equity,DBNK IN Equity,DBNK IN Equity.1,VKI IN Equity,GITG IN Equity,JDPF IN Equity,CBK IN Equity,ORCP IN Equity,IOB IN Equity,SNDB IN Equity,SACV IN Equity
2010-11-30,WPL IN Equity,DELTA IN Equity,DITV IN Equity,LPC IN Equity,CHMB IN Equity,TVSL IN Equity,IIB IN Equity,UCO IN Equity,NEUTL IN Equity,TTKPT IN Equity,SKNL IN Equity,MMFS IN Equity,TTMT IN Equity,SIEL IN Equity,VIP IN Equity,PLNG IN Equity,BJAUT IN Equity,TTAN IN Equity,ASTR IN Equity,ORCP IN Equity
2010-12-31,UBBL IN Equity,ARVND IN Equity,BZL IN Equity,HNDL IN Equity,RNAVAL IN Equity,ABAN IN Equity,SUEL IN Equity,CETL IN Equity,PUNJ IN Equity,REIA IN Equity,MMTC IN Equity,SHRS IN Equity,BJH IN Equity,JDPF IN Equity,DEWH IN Equity,SUBX IN Equity,ANHPR IN Equity,RW IN Equity,TATASTL IN Equity,SUNP IN Equity
2011-01-31,TCO IN Equity,NEUTL IN Equity,SIEL IN Equity,TTKPT IN Equity,PLNG IN Equity,SACV IN Equity,KWALITY IN Equity,WPL IN Equity,GLOT IN Equity,TTAN IN Equity,REIA IN Equity,BZL IN Equity,BOB IN Equity,ORCP IN Equity,VKI IN Equity,JBF IN Equity,GITG IN Equity,CGCL IN Equity,KVB IN Equity,MMFS IN Equity
2011-02-28,WLCO IN Equity,HDIL IN Equity,HCP IN Equity,RIIL IN Equity,DHLBK IN Equity,63MOONS IN Equity,GITG IN Equity,REIA IN Equity,MGFL IN Equity,CUBK IN Equity,VKI IN Equity,KWALITY IN Equity,JDPF IN Equity,AGIS IN Equity,IOB IN Equity,CBK IN Equity,MMFS IN Equity,ARSS IN Equity,ABGS IN Equity,DITV IN Equity
2011-03-31,TCO IN Equity,PARSV IN Equity,DECH IN Equity,ALTA IN Equity,TTKPT IN Equity,VIP IN Equity,DLFU IN Equity,ARVND IN Equity,RCOM IN Equity,ESCORTS IN Equity,HEXW IN Equity,RCAPT IN Equity,KWALITY IN Equity,ONMB IN Equity,ORCP IN Equity,JPA IN Equity,RW IN Equity,FB IN Equity,IBREL IN Equity,UT IN Equity
2011-04-29,UFLX IN Equity,JUBI IN Equity,TMKN IN Equity,DCBB IN Equity,HATH IN Equity,KARG IN Equity,SUBX IN Equity,SWH IN Equity,NEUTL IN Equity,JPO IN Equity,SREI IN Equity,DELTA IN Equity,SHDSL IN Equity,ONMB IN Equity,PEC IN Equity,BGRL IN Equity,TWL IN Equity,TATASTL IN Equity,MRF IN Equity,MPHL IN Equity
2011-05-31,SIEL IN Equity,UBBL IN Equity,SHDSL IN Equity,TTKPT IN Equity,DITV IN Equity,JUBI IN Equity,VGRD IN Equity,BATA IN Equity,VIP IN Equity,ARVND IN Equity,TTAN IN Equity,DLFU IN Equity,GITG IN Equity,PVRL IN Equity,LICHF IN Equity,RJEX IN Equity,SIB IN Equity,HDIL IN Equity,PLNG IN Equity,EKCL IN Equity
2011-06-30,KWALITY IN Equity,UTV IN Equity,BATA IN Equity,RCAPT IN Equity,TMKN IN Equity,APTY IN Equity,JUBI IN Equity,DELTA IN Equity,DITV IN Equity,KBL IN Equity,MTCL IN Equity,PUNJ IN Equity,RJEX IN Equity,HATH IN Equity,UFLX IN Equity,IBULL IN Equity,JETIN IN Equity,IRB IN Equity,RCOM IN Equity,GITG IN Equity
2011-07-29,APTR IN Equity,CAST IN Equity,PLNG IN Equity,HEXW IN Equity,PVRL IN Equity,WPL IN Equity,NFPI IN Equity,BHAFIN IN Equity,IDEA IN Equity,UTV IN Equity,ARVND IN Equity,GEPIL IN Equity,KWALITY IN Equity,DBRL IN Equity,DLFU IN Equity,ABGS IN Equity,WH IN Equity,BATA IN Equity,MRF IN Equity,RECL IN Equity
2011-08-30,IS IN Equity,ADV IN Equity,TVSL IN Equity,JUBI IN Equity,PARSV IN Equity,IDEA IN Equity,BATA IN Equity,NFPI IN Equity,PLNG IN Equity,GLOT IN Equity,UTV IN Equity,CAST IN Equity,ABGS IN Equity,LANCI IN Equity,SUNTV IN Equity,TTKPT IN Equity,GVKP IN Equity,CBK IN Equity,HCC IN Equity,JPA IN Equity
2011-09-30,PARSV IN Equity,ARVND IN Equity,CAST IN Equity,BHAFIN IN Equity,GLOT IN Equity,BD IN Equity,JPA IN Equity,EDSL IN Equity,GTS IN Equity,ARSS IN Equity,VIP IN Equity,EROS IN Equity,NJCC IN Equity,GITG IN Equity,DLFU IN Equity,IRB IN Equity,DELTA IN Equity,HEXW IN Equity,NFPI IN Equity,TCO IN Equity
2011-10-31,WH IN Equity,GRAV IN Equity,TTMT IN Equity,UFLX IN Equity,RPWR IN Equity,RELI IN Equity,PARSV IN Equity,RJEX IN Equity,ABAN IN Equity,TTMT/A IN Equity,KAIR IN Equity,ESCORTS IN Equity,IDFC IN Equity,IVRC IN Equity,RCAPT IN Equity,SACV IN Equity,PATNI IN Equity,BD IN Equity,BRCM IN Equity,UCO IN Equity
2011-11-30,CAST IN Equity,ONMB IN Equity,POWF IN Equity,IDEA IN Equity,SUNTV IN Equity,TTKPT IN Equity,DBRL IN Equity,HOE IN Equity,JETIN IN Equity,KAIR IN Equity,JI IN Equity,TMX IN Equity,UTV IN Equity,GITG IN Equity,HEXW IN Equity,JUBI IN Equity,MPHL IN Equity,ESCORTS IN Equity,RCOM IN Equity,JSAW IN Equity
2011-12-30,WLCO IN Equity,PARSV IN Equity,GVKP IN Equity,SREI IN Equity,STC IN Equity,UTV IN Equity,SUNTV IN Equity,GMRI IN Equity,SAIL IN Equity,BHAFIN IN Equity,CGPOWER IN Equity,GTLI IN Equity,JDPF IN Equity,CAST IN Equity,ABAN IN Equity,MMTC IN Equity,ADE IN Equity,IFCI IN Equity,IBREL IN Equity,HNDL IN Equity
2012-01-31,STC IN Equity,IVRC IN Equity,NJCC IN Equity,MMTC IN Equity,SWH IN Equity,LANCI IN Equity,RELI IN Equity,SUEL IN Equity,GRAV IN Equity,RCAPT IN Equity,IBREL IN Equity,SHRS IN Equity,UCO IN Equity,RIIL IN Equity,HDIL IN Equity,A2ZL IN Equity,JETIN IN Equity,VIP IN Equity,BJH IN Equity,BRCM IN Equity
2012-02-29,BGRL IN Equity,IFCI IN Equity,BHAFIN IN Equity,HEXW IN Equity,HDIL IN Equity,SWH IN Equity,LANCI IN Equity,GRAV IN Equity,RLTA IN Equity,DBRL IN Equity,DBNK IN Equity.1,DBNK IN Equity,TTMT/A IN Equity,ANDB IN Equity,JFI IN Equity,WLCO IN Equity,DHLBK IN Equity,UT IN Equity,JETIN IN Equity,PTCIN IN Equity
2012-03-30,GLOT IN Equity,BD IN Equity,WPL IN Equity,IVRC IN Equity,SJET IN Equity,BRCM IN Equity,BATA IN Equity,SHTF IN Equity,GMRI IN Equity,JPA IN Equity,JETIN IN Equity,ARBP IN Equity,UNSP IN Equity,DBRL IN Equity,TTMT/A IN Equity,PTCIN IN Equity,VOLT IN Equity,TTMT IN Equity,DBNK IN Equity,DBNK IN Equity.1
2012-04-30,UNSP IN Equity,GRAV IN Equity,SJET IN Equity,FEL IN Equity,WPL IN Equity,BJFIN IN Equity,IBULL IN Equity,MRF IN Equity,GLOT IN Equity,TTMT IN Equity,STR IN Equity,TTMT/A IN Equity,BATA IN Equity,HEXW IN Equity,GEPIL IN Equity,ARBP IN Equity,BFUT IN Equity,HOE IN Equity,STC IN Equity,ESCORTS IN Equity
2012-05-31,COFORGE IN Equity,DBRL IN Equity,AJP IN Equity,WPL IN Equity,JUBI IN Equity,MTCL IN Equity,SKNL IN Equity,GRAV IN Equity,STR IN Equity,SAIL IN Equity,HAVL IN Equity,A2ZL IN Equity,VEDL IN Equity,OBC IN Equity,DBNK IN Equity.1,DBNK IN Equity,IBULL IN Equity,DELTA IN Equity,LT IN Equity,MRF IN Equity
2012-06-29,MGFL IN Equity,TTSL IN Equity,NJCC IN Equity,IVRC IN Equity,HOE IN Equity,HDIL IN Equity,KBL IN Equity,GVKP IN Equity,SRCM IN Equity,RELI IN Equity,IGL IN Equity,UNSP IN Equity,OMDC IN Equity,JETIN IN Equity,BHAFIN IN Equity,FEL IN Equity,EDSL IN Equity,LANCI IN Equity,SHRS IN Equity,LT IN Equity
2012-07-31,OMDC IN Equity,GEO IN Equity,UB IN Equity,BHAFIN IN Equity,ONMB IN Equity,UNSP IN Equity,MGFL IN Equity,MCLR IN Equity,GCPL IN Equity,BJFIN IN Equity,COXK IN Equity,AJP IN Equity,BRCM IN Equity,WPL IN Equity,TVSL IN Equity,BATA IN Equity,SOBHA IN Equity,BJH IN Equity,SRCM IN Equity,COFORGE IN Equity
2012-08-31,DISH IN Equity,VGRD IN Equity,VNR IN Equity,VWSP IN Equity,SAPH IN Equity,WPL IN Equity,BRCM IN Equity,APTY IN Equity,OMDC IN Equity,UNSP IN Equity,BHAFIN IN Equity,ASTR IN Equity,ADV IN Equity,ANHPR IN Equity,UBBL IN Equity,AJP IN Equity,GUJS IN Equity,GCPL IN Equity,IPCA IN Equity,UB IN Equity
2012-09-28,KAIR IN Equity,ARSS IN Equity,HDIL IN Equity,UB IN Equity,NJCC IN Equity,GMRI IN Equity,ONMB IN Equity,LANCI IN Equity,RCAPT IN Equity,RCOM IN Equity,IBREL IN Equity,ADANI IN Equity,JSW IN Equity,KBL IN Equity,UT IN Equity,ADV IN Equity,GVKP IN Equity,ARVND IN Equity,ADE IN Equity,ARBP IN Equity
2012-10-31,JKBK IN Equity,HTFL IN Equity,KBL IN Equity,UBBL IN Equity,TV18 IN Equity,IBULL IN Equity,TVTN IN Equity,WPL IN Equity,HMN IN Equity,ARBP IN Equity,ADV IN Equity,VGRD IN Equity,SRCM IN Equity,VNR IN Equity,SNDB IN Equity,GCPL IN Equity,YES IN Equity,CENT IN Equity,ADE IN Equity,TRCL IN Equity
2012-11-30,UNSP IN Equity,JETIN IN Equity,LTFH IN Equity,UT IN Equity,RMW IN Equity,DBRL IN Equity,RCOM IN Equity,TCO IN Equity,KBL IN Equity,PVRL IN Equity,HTFL IN Equity,STR IN Equity,TV18 IN Equity,SUNTV IN Equity,SUEL IN Equity,SJET IN Equity,ARCP IN Equity,DISH IN Equity,TTAN IN Equity,VGRD IN Equity
2012-12-31,FEL IN Equity,GNP IN Equity,TRCL IN Equity,NJCC IN Equity,LTFH IN Equity,DBRL IN Equity,MRF IN Equity,UBBL IN Equity,ADANI IN Equity,20ML IN Equity,IPCA IN Equity,OFSS IN Equity,RCAPT IN Equity,UNBK IN Equity,Z IN Equity,SPADV IN Equity,JFI IN Equity,KAIR IN Equity,JSP IN Equity,JI IN Equity
2013-01-31,UTTM IN Equity,SUEL IN Equity,MGFL IN Equity,ESOIL IN Equity,IBULL IN Equity,DEN IN Equity,PLEP IN Equity,NHPC IN Equity,YES IN Equity,RCOM IN Equity,SCS IN Equity,VYSB IN Equity,SUNTV IN Equity,JETIN IN Equity,AXSB IN Equity,WPL IN Equity,UT IN Equity,JFI IN Equity,BRGR IN Equity,SJET IN Equity
2013-02-28,ZSL IN Equity,WPL IN Equity,HEXW IN Equity,BRGR IN Equity,TECHM IN Equity,JYL IN Equity,IDEA IN Equity,GITG IN Equity,UNSP IN Equity,TRCL IN Equity,PVRL IN Equity,GNP IN Equity,SCS IN Equity,IGL IN Equity,ESOIL IN Equity,VKI IN Equity,DIVI IN Equity,TCO IN Equity,LTFH IN Equity,GEO IN Equity
2013-03-28,FLEXI IN Equity,OPTC IN Equity,PVRL IN Equity,TV18 IN Equity,UBBL IN Equity,HATH IN Equity,HCLT IN Equity,PIDI IN Equity,AJP IN Equity,SCS IN Equity,SKB IN Equity,SPADV IN Equity,UTTM IN Equity,LLL IN Equity,JYL IN Equity,MMFS IN Equity,TRCL IN Equity,VYSB IN Equity,UNSP IN Equity,WPL IN Equity
2013-04-30,RCOM IN Equity,AUTOL IN Equity,DELTA IN Equity,BFUT IN Equity,SJET IN Equity,IBREL IN Equity,ARBP IN Equity,FEL IN Equity,AJP IN Equity,JSW IN Equity,JETIN IN Equity,HOE IN Equity,ZSL IN Equity,ABAN IN Equity,YES IN Equity,MMFS IN Equity,IDEA IN Equity,DEN IN Equity,UNSP IN Equity,VGRD IN Equity
2013-05-31,SKB IN Equity,SPADV IN Equity,EIM IN Equity,AJP IN Equity,GNP IN Equity,APHS IN Equity,HMN IN Equity,GRHF IN Equity,IPCA IN Equity,BRGR IN Equity,EDA IN Equity,PIDI IN Equity,ASTR IN Equity,DBRL IN Equity,MMFS IN Equity,HATH IN Equity,IIB IN Equity,SRCM IN Equity,MOTHERSOIN Equity,SUNP IN Equity
2013-06-28,RCOM IN Equity,IPCA IN Equity,IDEA IN Equity,VKI IN Equity,ARBP IN Equity,BYKE IN Equity,APHS IN Equity,MMFS IN Equity,LTFH IN Equity,BRGR IN Equity,STR IN Equity,FEL IN Equity,ADE IN Equity,SUNP IN Equity,VOLT IN Equity,RELI IN Equity,BHAFIN IN Equity,AMRJ IN Equity,BSTL IN Equity,WLCO IN Equity
2013-07-31,INL IN Equity,NTCPH IN Equity,HCLT IN Equity,APTY IN Equity,IDEA IN Equity,OPTC IN Equity,RCOM IN Equity,SUNP IN Equity,UNSP IN Equity,AJP IN Equity,SUNTV IN Equity,EIM IN Equity,TCO IN Equity,SHRS IN Equity,BYKE IN Equity,ASTR IN Equity,MOTHERSOIN Equity,ABAN IN Equity,KAIR IN Equity,SJET IN Equity
2013-08-30,VKI IN Equity,MUTH IN Equity,STR IN Equity,RBXY IN Equity,JPVL IN Equity,TATA IN Equity,NMDC IN Equity,ASTR IN Equity,DELTA IN Equity,BGRL IN Equity,GVKP IN Equity,SAIL IN Equity,ESOIL IN Equity,JSP IN Equity,HCLT IN Equity,HEXW IN Equity,MMTC IN Equity,GMRI IN Equity,GIFL IN Equity,RW IN Equity
2013-09-30,KAIR IN Equity,GMRI IN Equity,AJP IN Equity,TBTE IN Equity,AL IN Equity,PVRL IN Equity,ALOK IN Equity,63MOONS IN Equity,SHRS IN Equity,JETIN IN Equity,NHPC IN Equity,AXSB IN Equity,POWF IN Equity,IRB IN Equity,RW IN Equity,DITV IN Equity,RCOM IN Equity,EROS IN Equity,BRCM IN Equity,BHEL IN Equity
2013-10-31,BFUT IN Equity,CEAT IN Equity,ADE IN Equity,SUEL IN Equity,HCC IN Equity,FB IN Equity,DELTA IN Equity,ALPM IN Equity,TCOM IN Equity,JPA IN Equity,JM IN Equity,BOI IN Equity,DISH IN Equity,BOB IN Equity,YES IN Equity,OBC IN Equity,INBK IN Equity,MCX IN Equity,SAIL IN Equity,TATA IN Equity
2013-11-29,CEAT IN Equity,ABAN IN Equity,TPW IN Equity,ASMN IN Equity,JUBLPHARIN Equity,TELX IN Equity,ARBP IN Equity,JKI IN Equity,ADE IN Equity,VKI IN Equity,JFI IN Equity,DISH IN Equity,IRB IN Equity,ICEM IN Equity,ESCORTS IN Equity,INBK IN Equity,ARVND IN Equity,TATA IN Equity,JPIN IN Equity,ILFT IN Equity
2013-12-31,BFUT IN Equity,GTIC IN Equity,TELX IN Equity,TVSL IN Equity,GITG IN Equity,ARBP IN Equity,APTY IN Equity,OPTC IN Equity,ARCP IN Equity,ORCP IN Equity,DEWH IN Equity,OBC IN Equity,CESC IN Equity,GMRI IN Equity,HCC IN Equity,JFI IN Equity,DISH IN Equity,ESCORTS IN Equity,HCLT IN Equity,DELTA IN Equity
2014-01-31,63MOONS IN Equity,GTIC IN Equity,RISL IN Equity,TRPC IN Equity,ARBP IN Equity,EDA IN Equity,MUTH IN Equity,HCLT IN Equity,ABAN IN Equity,MCHM IN Equity,OPTC IN Equity,FSOL IN Equity,ARVND IN Equity,RAJT IN Equity,VKI IN Equity,APTY IN Equity,ALPM IN Equity,MCX IN Equity,SUEL IN Equity,WPRO IN Equity
2014-02-28,MCHM IN Equity,MUS IN Equity,TELX IN Equity,RISL IN Equity,MUTH IN Equity,KSCL IN Equity,POWF IN Equity,JPVL IN Equity,VOLT IN Equity,HEXW IN Equity,63MOONS IN Equity,INDR IN Equity,ALPM IN Equity,SWH IN Equity,INOL IN Equity,APTY IN Equity,FSOL IN Equity,MTCL IN Equity,EDA IN Equity,NTCPH IN Equity
2014-03-31,SRF IN Equity,CEAT IN Equity,AL IN Equity,ADE IN Equity,VIP IN Equity,GTIC IN Equity,NJCC IN Equity,HCLI IN Equity,YES IN Equity,UNBK IN Equity,BOI IN Equity,OBC IN Equity,IRB IN Equity,INBK IN Equity,IDFC IN Equity,JKI IN Equity,HCC IN Equity,JPA IN Equity,JUBLPHARIN Equity,BGRL IN Equity
2014-04-30,SAPH IN Equity,WPL IN Equity,FEL IN Equity,UPLL IN Equity,NJCC IN Equity,ADV IN Equity,GRAN IN Equity,STR IN Equity,ASTM IN Equity,MUS IN Equity,BEML IN Equity,WLSI IN Equity,FSOL IN Equity,FNXC IN Equity,HDIL IN Equity,HCLI IN Equity,WLCO IN Equity,SUEL IN Equity,BHAFIN IN Equity,TRPC IN Equity
2014-05-30,HCC IN Equity,UT IN Equity,IVRC IN Equity,IRB IN Equity,SUEL IN Equity,BEML IN Equity,ASTM IN Equity,MMTC IN Equity,NETM IN Equity,POWF IN Equity,PTCIF IN Equity,BGRL IN Equity,GPPV IN Equity,JPVL IN Equity,HCLI IN Equity,VEDL IN Equity,TPW IN Equity,LANCI IN Equity,ADV IN Equity,ICEM IN Equity
2014-06-30,CEAT IN Equity,JKI IN Equity,DISH IN Equity,AJP IN Equity,ALOK IN Equity,HCC IN Equity,BIL IN Equity,MUS IN Equity,BHE IN Equity,SRF IN Equity,FSOL IN Equity,SUEL IN Equity,ARVND IN Equity,COXK IN Equity,SNDB IN Equity,TVSL IN Equity,BHFC IN Equity,STR IN Equity,CESC IN Equity,PUNJ IN Equity
2014-07-31,INDR IN Equity,BBTC IN Equity,TATASLPL IN Equity,NBCC IN Equity,MCX IN Equity,GRAN IN Equity,63MOONS IN Equity,COXK IN Equity,GPPV IN Equity,FNXC IN Equity,BHFC IN Equity,JUST IN Equity,MOTHERSOIN Equity,IRB IN Equity,ASTM IN Equity,IHFL IN Equity,MUS IN Equity,EIM IN Equity,ESOIL IN Equity,BIL IN Equity
2014-08-28,TVTN IN Equity,MRKS IN Equity,PCJL IN Equity,FML IN Equity,TMKN IN Equity,MEFO IN Equity,VOLT IN Equity,TTMT/A IN Equity,TVSL IN Equity,PTCIF IN Equity,ARVND IN Equity,KSCL IN Equity,BPCL IN Equity,HPCL IN Equity,GTIC IN Equity,HAVL IN Equity,GRAN IN Equity,BHE IN Equity,SRF IN Equity,ARBP IN Equity
2014-09-30,JKI IN Equity,FML IN Equity,GSFC IN Equity,NBCC IN Equity,HMFC IN Equity,MCHM IN Equity,CEAT IN Equity,MRF IN Equity,RSST IN Equity,PCJL IN Equity,JCHAC IN Equity,GTIC IN Equity,IFBI IN Equity,APTY IN Equity,EIM IN Equity,TVSL IN Equity,BBTC IN Equity,DISH IN Equity,GRAN IN Equity,MRKS IN Equity
2014-10-31,NJCC IN Equity,IFBI IN Equity,OBC IN Equity,NBCC IN Equity,YES IN Equity,RECL IN Equity,JYS IN Equity,BFUT IN Equity,POWF IN Equity,UNBK IN Equity,JPA IN Equity,SNDB IN Equity,GVKP IN Equity,ASTM IN Equity,CBK IN Equity,GTIC IN Equity,TVSL IN Equity,KSCL IN Equity,AL IN Equity,PTCIF IN Equity
2014-11-28,ONMB IN Equity,BBTC IN Equity,JBF IN Equity,JSAW IN Equity,GTIC IN Equity,JKI IN Equity,TXMRE IN Equity,ASTRA IN Equity,BOS IN Equity,WHIRL IN Equity,STR IN Equity,AJP IN Equity,CPBI IN Equity,JCHAC IN Equity,SAPH IN Equity,SBIN IN Equity,BHFC IN Equity,KKC IN Equity,JSW IN Equity,LICHF IN Equity
2014-12-31,GGAS IN Equity,BHE IN Equity,GPPV IN Equity,PTCIF IN Equity,NJCC IN Equity,WPL IN Equity,TVSL IN Equity,SAPH IN Equity,BHAFIN IN Equity,DCBB IN Equity,REDI IN Equity,GDPL IN Equity,TEEC IN Equity,JBF IN Equity,ESOIL IN Equity,STR IN Equity,JCHAC IN Equity,BAF IN Equity,IH IN Equity,BEML IN Equity
2015-01-30,SPADV IN Equity,HDIL IN Equity,MINF IN Equity,JETIN IN Equity,DBRL IN Equity,IHFL IN Equity,ADE IN Equity,PRSMJ IN Equity,AL IN Equity,ICEM IN Equity,JCHAC IN Equity,PCJL IN Equity,BOS IN Equity,IBREL IN Equity,HPCL IN Equity,MAXF IN Equity,WPL IN Equity,DEWH IN Equity,HCC IN Equity,JSW IN Equity
2015-02-27,TWL IN Equity,SUEL IN Equity,RLTA IN Equity,RNAVAL IN Equity,TELX IN Equity,WPL IN Equity,SIEM IN Equity,CPBI IN Equity,JSP IN Equity,HEXW IN Equity,BHFC IN Equity,MCX IN Equity,ASTM IN Equity,ASTRA IN Equity,SPADV IN Equity,UT IN Equity,FML IN Equity,UPLL IN Equity,ADE IN Equity,BHE IN Equity
2015-03-31,NTCPH IN Equity,NJCC IN Equity,SAPH IN Equity,STR IN Equity,SPADV IN Equity,CENT IN Equity,JCHAC IN Equity,ARBP IN Equity,WPL IN Equity,LPC IN Equity,HEXW IN Equity,IFBI IN Equity,ZYDUSLIFIN Equity,MOTHERSOIN Equity,TMKN IN Equity,NBCC IN Equity,BEML IN Equity,GRAN IN Equity,JETIN IN Equity,BHAFIN IN Equity
2015-04-30,CAST IN Equity,WLSI IN Equity,HDIL IN Equity,TATA IN Equity,JKI IN Equity,GGAS IN Equity,MINF IN Equity,DCBB IN Equity,JBF IN Equity,IHFL IN Equity,ARBP IN Equity,IDBI IN Equity,IOB IN Equity,INDUSTOW IN Equity,ONMB IN Equity,PRSMJ IN Equity,KNPL IN Equity,HOE IN Equity,AJP IN Equity,IFBI IN Equity
2015-05-29,CAST IN Equity,DITV IN Equity,BBTC IN Equity,AJP IN Equity,EIM IN Equity,SAPH IN Equity,STR IN Equity,WLSI IN Equity,INDUSTOW IN Equity,PAG IN Equity,VOLT IN Equity,JI IN Equity,SNDB IN Equity,BHE IN Equity,BRIT IN Equity,ENGR IN Equity,SYML IN Equity,KTG IN Equity,TELX IN Equity,SRF IN Equity
2015-06-30,MRL IN Equity,MAST IN Equity,RJEX IN Equity,WLCO IN Equity,CAST IN Equity,ABGS IN Equity,BAF IN Equity,NOCIL IN Equity,NBCC IN Equity,BEML IN Equity,GVKP IN Equity,WLSI IN Equity,SRF IN Equity,BRIT IN Equity,HPCL IN Equity,LICHF IN Equity,KTG IN Equity,ARBP IN Equity,EVRIN IN Equity,DITV IN Equity
2015-07-31,NIIT IN Equity,FML IN Equity,MRZI IN Equity,MRKS IN Equity,RJEX IN Equity,TAKE IN Equity,NILK IN Equity,TELX IN Equity,JETIN IN Equity,JKI IN Equity,WLSI IN Equity,HCLI IN Equity,LEEL IN Equity,IGM IN Equity,WLCO IN Equity,HPCL IN Equity,BEML IN Equity,BHAFIN IN Equity,SOTL IN Equity,BJFIN IN Equity
2015-08-31,JUBLPHARIN Equity,CEAT IN Equity,MRL IN Equity,SYML IN Equity,AMRJ IN Equity,NILK IN Equity,ZCVCS IN Equity,TELX IN Equity,AL IN Equity,DISH IN Equity,PAG IN Equity,IHFL IN Equity,SUEL IN Equity,ALPM IN Equity,JPA IN Equity,BJFIN IN Equity,NTCPH IN Equity,RJEX IN Equity,STR IN Equity,SAPH IN Equity
2015-09-30,DISH IN Equity,TAKE IN Equity,HDIL IN Equity,RCAPT IN Equity,KTG IN Equity,JPA IN Equity,CEAT IN Equity,JUST IN Equity,GMRI IN Equity,MRKS IN Equity,RPWR IN Equity,SOTL IN Equity,HSS IN Equity,WPL IN Equity,GRAN IN Equity,ESOIL IN Equity,RCOM IN Equity,RJEX IN Equity,IFCI IN Equity,NTCPH IN Equity
2015-10-30,SJET IN Equity,HCLI IN Equity,FML IN Equity,HCC IN Equity,JETIN IN Equity,JSP IN Equity,LEEL IN Equity,SECURKLO IN Equity,TTMT IN Equity,NIIT IN Equity,ADANI IN Equity,PCJL IN Equity,EDA IN Equity,JDPF IN Equity,UT IN Equity,IFCI IN Equity,VEDL IN Equity,TTMT/A IN Equity,COFORGE IN Equity,JPA IN Equity
2015-11-30,GP IN Equity,SJET IN Equity,FSOL IN Equity,TWL IN Equity,KWALITY IN Equity,VKI IN Equity,KSI IN Equity,GMRI IN Equity,MRPL IN Equity,WLSI IN Equity,HMFC IN Equity,HCLI IN Equity,KECI IN Equity,JETIN IN Equity,JUST IN Equity,GTIC IN Equity,OBC IN Equity,WLCO IN Equity,TTMT/A IN Equity,LEEL IN Equity
2015-12-31,RIIL IN Equity,RNAVAL IN Equity,JETIN IN Equity,TV18 IN Equity,TVTN IN Equity,ESOIL IN Equity,NILK IN Equity,RELI IN Equity,KWALITY IN Equity,SECURKLO IN Equity,TWL IN Equity,TATA IN Equity,BEML IN Equity,SJET IN Equity,TELX IN Equity,HNDL IN Equity,NTCPH IN Equity,HDIL IN Equity,FORH IN Equity,PCJL IN Equity
2016-01-29,TPW IN Equity,SJET IN Equity,GPPV IN Equity,SREI IN Equity,NILK IN Equity,PCJL IN Equity,RJEX IN Equity,PRJ IN Equity,VKI IN Equity,SECURKLO IN Equity,JDPF IN Equity,POL IN Equity,POL IN Equity.1,HMFC IN Equity,ESOIL IN Equity,BLIS IN Equity,DISH IN Equity,TATA IN Equity,DCBB IN Equity,ARBP IN Equity
2016-02-29,VKI IN Equity,KSCL IN Equity,TVTN IN Equity,IDEA IN Equity,CEAT IN Equity,TATA IN Equity,TAKE IN Equity,IFCI IN Equity,VEDL IN Equity,RJEX IN Equity,WLSI IN Equity,LT IN Equity,HNDL IN Equity,TPW IN Equity,ASMN IN Equity,CAIR IN Equity,ADANI IN Equity,NJCC IN Equity,GAYP IN Equity,ADSEZ IN Equity
2016-03-31,GEO IN Equity,JUST IN Equity,INDA IN Equity,LEEL IN Equity,JUBLPHARIN Equity,MRKS IN Equity,DELTA IN Equity,HSS IN Equity,BRCM IN Equity,SNDB IN Equity,EROS IN Equity,CAIR IN Equity,RELI IN Equity,SECURKLO IN Equity,TTMT IN Equity,JUBI IN Equity,TATA IN Equity,WPL IN Equity,DITV IN Equity,HNDL IN Equity
2016-04-29,ABAN IN Equity,DELTA IN Equity,FML IN Equity,FSOL IN Equity,ESCORTS IN Equity,CENT IN Equity,HSS IN Equity,DCBB IN Equity,HDIL IN Equity,ADE IN Equity,JSP IN Equity,SJET IN Equity,VEDL IN Equity,MGFL IN Equity,HMFC IN Equity,JETIN IN Equity,RCOM IN Equity,GRAN IN Equity,WLCO IN Equity,NILK IN Equity
2016-05-31,TML IN Equity,IBREL IN Equity,MGFL IN Equity,MCHM IN Equity,KRB IN Equity,SI IN Equity,BIOS IN Equity,CIFC IN Equity,PIEL IN Equity,LT IN Equity,IDFC IN Equity,KBL IN Equity,FB IN Equity,BSOFT IN Equity,HDIL IN Equity,NHPC IN Equity,UPLL IN Equity,KSCL IN Equity,GTIC IN Equity,HNDL IN Equity
2016-06-30,KIRI IN Equity,UT IN Equity,JPA IN Equity,TML IN Equity,MAXF IN Equity,PNB IN Equity,NAVA IN Equity,DSM IN Equity,GTIC IN Equity,ALBK IN Equity,SUBX IN Equity,OBC IN Equity,MGFL IN Equity,ESCORTS IN Equity,SREI IN Equity,UCO IN Equity,VEDL IN Equity,SHRS IN Equity,ICEM IN Equity,ADE IN Equity
2016-07-29,CAIR IN Equity,JPA IN Equity,GP IN Equity,CAFL IN Equity,BAF IN Equity,HPCL IN Equity,GHCL IN Equity,VEDL IN Equity,MRLN IN Equity,JSP IN Equity,BHAFIN IN Equity,RECL IN Equity,GALK IN Equity,ESCORTS IN Equity,MGFL IN Equity,TML IN Equity,BJFIN IN Equity,PNB IN Equity,ABNL IN Equity,CIFC IN Equity
2016-08-31,JUBLPHARIN Equity,DELTA IN Equity,JKI IN Equity,SCHI IN Equity,DEWH IN Equity,ESCORTS IN Equity,IGL IN Equity,ICEM IN Equity,TTCH IN Equity,HNDL IN Equity,RCAPT IN Equity,TWL IN Equity,PLNG IN Equity,ATLP IN Equity,IDFC IN Equity,ENGR IN Equity,GALK IN Equity,PIEL IN Equity,LTFH IN Equity,MRLN IN Equity
2016-09-30,SRTY IN Equity,DISH IN Equity,MCX IN Equity,CENT IN Equity,MRKS IN Equity,HCC IN Equity,VKI IN Equity,KSI IN Equity,ESCORTS IN Equity,GNFC IN Equity,KIRI IN Equity,JUBLPHARIN Equity,JKI IN Equity,IBREL IN Equity,NAVA IN Equity,IPCA IN Equity,PNB IN Equity,CBK IN Equity,UT IN Equity,LEEL IN Equity
2016-10-28,TMC IN Equity,GNFC IN Equity,GALK IN Equity,FML IN Equity,NMDC IN Equity,ARVND IN Equity,JI IN Equity,VEDL IN Equity,SCUF IN Equity,LTFH IN Equity,ABFRL IN Equity,DEWH IN Equity,FB IN Equity,CAIR IN Equity,CUBK IN Equity,TCOM IN Equity,LEEL IN Equity,JUBLPHARIN Equity,RECL IN Equity,MGFL IN Equity
2016-11-30,WLSI IN Equity,HNDL IN Equity,VEDL IN Equity,HZ IN Equity,CAIR IN Equity,DSIL IN Equity,ENGR IN Equity,POWF IN Equity,BRCM IN Equity,TCOM IN Equity,JUBLPHARIN Equity,IDEA IN Equity,RECL IN Equity,CBK IN Equity,HPCL IN Equity,CGPOWER IN Equity,HCLI IN Equity,MRL IN Equity,BIOS IN Equity,TWL IN Equity
2016-12-30,STC IN Equity,DATA IN Equity,HCC IN Equity,DSM IN Equity,DSIL IN Equity,IGL IN Equity,CRIN IN Equity,GP IN Equity,IOCL IN Equity,TTCH IN Equity,SUNTV IN Equity,VOLT IN Equity,BIOS IN Equity,KBL IN Equity,ENGR IN Equity,TTMT IN Equity,MAXF IN Equity,UPLL IN Equity,TATASLPL IN Equity,IBREL IN Equity
2017-01-31,JPA IN Equity,JTEKT IN Equity,SAIL IN Equity,TRCL IN Equity,VGRD IN Equity,BHAFIN IN Equity,ICEM IN Equity,DSIL IN Equity,INBK IN Equity,BAF IN Equity,ESCORTS IN Equity,HNDL IN Equity,JSTL IN Equity,DLFU IN Equity,YES IN Equity,MRL IN Equity,UT IN Equity,TATA IN Equity,HPCL IN Equity,CANF IN Equity
2017-02-28,JSP IN Equity,JUST IN Equity,JPA IN Equity,TML IN Equity,SUNTV IN Equity,DCBB IN Equity,ALKEM IN Equity,APTR IN Equity,RW IN Equity,EDEL IN Equity,UT IN Equity,MGFL IN Equity,ESCORTS IN Equity,KBL IN Equity,BJFIN IN Equity,LTFH IN Equity,NILK IN Equity,NTCPH IN Equity,DEWH IN Equity,WLSI IN Equity
2017-03-31,FLFL IN Equity,RCF IN Equity,SJET IN Equity,EROS IN Equity,DELTA IN Equity,DISH IN Equity,ESCORTS IN Equity,HDIL IN Equity,RECL IN Equity,JETIN IN Equity,MRF IN Equity,CAFL IN Equity,RCAPT IN Equity,EDEL IN Equity,IHFL IN Equity,TML IN Equity,ADSEZ IN Equity,KSCL IN Equity,CEAT IN Equity,SUNTV IN Equity
2017-04-28,DHANI IN Equity,IBREL IN Equity,BOI IN Equity,UFLX IN Equity,ICEM IN Equity,PIEL IN Equity,JKI IN Equity,MRPL IN Equity,DLFU IN Equity,SYR IN Equity,CANF IN Equity,OBC IN Equity,JI IN Equity,CBK IN Equity,HCC IN Equity,FB IN Equity,RW IN Equity,APTY IN Equity,BHE IN Equity,SUNTV IN Equity
2017-05-31,DHANI IN Equity,SINT IN Equity,ESCORTS IN Equity,CHMB IN Equity,KECI IN Equity,CRIN IN Equity,IHFL IN Equity,TATA IN Equity,IBREL IN Equity,DBEL IN Equity,FLFL IN Equity,MSIL IN Equity,CEAT IN Equity,SIB IN Equity,PIEL IN Equity,TVSL IN Equity,ADE IN Equity,JSP IN Equity,VKI IN Equity,SYR IN Equity
2017-06-30,JPA IN Equity,BEPL IN Equity,WH IN Equity,GMRI IN Equity,BEML IN Equity,SJET IN Equity,CANF IN Equity,IBREL IN Equity,VKI IN Equity,JETIN IN Equity,UT IN Equity,INFIBEAM IN Equity,RCAPT IN Equity,ADE IN Equity,JTEKT IN Equity,BIL IN Equity,LTFH IN Equity,UFLX IN Equity,DIVI IN Equity,KSCL IN Equity
2017-07-31,SINT IN Equity,TMC IN Equity,GVKP IN Equity,UT IN Equity,JUBI IN Equity,JPA IN Equity,HEG IN Equity,NOCIL IN Equity,INFIBEAM IN Equity,JSP IN Equity,WH IN Equity,BAF IN Equity,YES IN Equity,RCOM IN Equity,LTFH IN Equity,BJFIN IN Equity,GSFC IN Equity,BOI IN Equity,KECI IN Equity,DHANI IN Equity
2017-08-31,MEGH IN Equity,APTR IN Equity,PCJL IN Equity,HEG IN Equity,BD IN Equity,FRETAIL IN Equity,HPCL IN Equity,GRIL IN Equity,IOCL IN Equity,MRL IN Equity,PCBL IN Equity,SCI IN Equity,EDEL IN Equity,FCON IN Equity,TATACONS IN Equity,MRPL IN Equity,BEPL IN Equity,VKI IN Equity,BATA IN Equity,FLFL IN Equity
2017-09-29,BD IN Equity,GRIL IN Equity,TPC IN Equity,ITI IN Equity,HEG IN Equity,BBTC IN Equity,DIVI IN Equity,RINDL IN Equity,TFCI IN Equity,TMC IN Equity,FCON IN Equity,DHANI IN Equity,IGL IN Equity,DRRD IN Equity,PCBL IN Equity,RJEX IN Equity,NTCPH IN Equity,SUNTV IN Equity,MOTHERSOIN Equity,BIL IN Equity
2017-10-31,HEG IN Equity,SECURKLO IN Equity,GNFC IN Equity,BEPL IN Equity,KIRI IN Equity,GVKP IN Equity,RINDL IN Equity,IGLY IN Equity,PNB IN Equity,MEGH IN Equity,DBL IN Equity,BOI IN Equity,DELTA IN Equity,GRIL IN Equity,RDCK IN Equity,BBTC IN Equity,SOTL IN Equity,TMC IN Equity,GSFC IN Equity,COFORGE IN Equity
2017-11-30,SECURKLO IN Equity,RELG IN Equity,JFI IN Equity,MCLR IN Equity,BEPL IN Equity,INFIBEAM IN Equity,RINDL IN Equity,RDCK IN Equity,TTAN IN Equity,VKI IN Equity,TATACONS IN Equity,BIL IN Equity,INBK IN Equity,SOBHA IN Equity,IGLY IN Equity,CROMPTON IN Equity,GRIL IN Equity,WH IN Equity,HEXW IN Equity,DIVI IN Equity
2017-12-29,RCOM IN Equity,UT IN Equity,JPA IN Equity,PKI IN Equity,RCAPT IN Equity,HEG IN Equity,DCIL IN Equity,FCON IN Equity,BD IN Equity,RNAVAL IN Equity,BIOS IN Equity,JETIN IN Equity,GMRI IN Equity,ADANIT IN Equity,SAIL IN Equity,JSP IN Equity,GRIL IN Equity,SPADV IN Equity,DELTA IN Equity,VKI IN Equity
2018-01-31,COFORGE IN Equity,JSP IN Equity,ADE IN Equity,MTCL IN Equity,PCBL IN Equity,RDCK IN Equity,SOTL IN Equity,TECHM IN Equity,BSOFT IN Equity,IHFL IN Equity,HEG IN Equity,JUBI IN Equity,NOCIL IN Equity,HSCH IN Equity,BIOS IN Equity,IGLY IN Equity,KIRI IN Equity,DELTA IN Equity,HEXW IN Equity,INFIBEAM IN Equity
2018-02-28,WH IN Equity,RELG IN Equity,CANF IN Equity,FORH IN Equity,CIFC IN Equity,DMART IN Equity,BD IN Equity,AL IN Equity,ESCORTS IN Equity,JSTL IN Equity,NJCC IN Equity,MTCL IN Equity,DHANI IN Equity,HEG IN Equity,QUESS IN Equity,DBL IN Equity,PEPL IN Equity,BEPL IN Equity,HMFC IN Equity,BIOS IN Equity
2018-03-28,VKI IN Equity,TTAN IN Equity,JUBI IN Equity,HEG IN Equity,HEXW IN Equity,SHTF IN Equity,GRIL IN Equity,TV18 IN Equity,BHAFIN IN Equity,JPA IN Equity,DIVI IN Equity,DBL IN Equity,TECHM IN Equity,COFORGE IN Equity,PAG IN Equity,AL IN Equity,VOLT IN Equity,BSOFT IN Equity,MSIL IN Equity,BATA IN Equity
2018-04-30,DHANI IN Equity,MTCL IN Equity,BBTC IN Equity,GTIC IN Equity,COFORGE IN Equity,GNFC IN Equity,BD IN Equity,UBBL IN Equity,RDCK IN Equity,DEWH IN Equity,TELX IN Equity,PKI IN Equity,TPC IN Equity,RW IN Equity,FORH IN Equity,ESCORTS IN Equity,SRF IN Equity,FSOL IN Equity,EDEL IN Equity,PCBL IN Equity
2018-05-31,JUST IN Equity,GRIL IN Equity,HEG IN Equity,RCOM IN Equity,PCJL IN Equity,FSOL IN Equity,EDEL IN Equity,PGHL IN Equity,LTI IN Equity,BAF IN Equity,RDCK IN Equity,MCX IN Equity,BRIT IN Equity,BSOFT IN Equity,MPHL IN Equity,TECHM IN Equity,TPW IN Equity,DMART IN Equity,GRHF IN Equity,PAG IN Equity
2018-06-29,VKI IN Equity,HMFC IN Equity,JUBI IN Equity,PAG IN Equity,SAIL IN Equity,TELX IN Equity,JFI IN Equity,TCS IN Equity,JPA IN Equity,BRIT IN Equity,DHANI IN Equity,HEXW IN Equity,GRAN IN Equity,AJP IN Equity,PGHL IN Equity,TATACONS IN Equity,DIVI IN Equity,CIFC IN Equity,AVNT IN Equity,ARTO IN Equity
2018-07-31,ADANI IN Equity,ADE IN Equity,GTIC IN Equity,HEG IN Equity,GRAN IN Equity,SOTL IN Equity,DHANI IN Equity,GRIL IN Equity,DBL IN Equity,MCX IN Equity,BD IN Equity,DELTA IN Equity,BAF IN Equity,PCBL IN Equity,HDIL IN Equity,BIL IN Equity,CGPOWER IN Equity,VIP IN Equity,BRCM IN Equity,RNAVAL IN Equity
2018-08-31,PGHL IN Equity,KWALITY IN Equity,HDIL IN Equity,STR IN Equity,VIP IN Equity,DHANI IN Equity,UBBL IN Equity,ITI IN Equity,INFIBEAM IN Equity,RCOM IN Equity,WH IN Equity,RNAVAL IN Equity,HCC IN Equity,JSTL IN Equity,BBTC IN Equity,MTCL IN Equity,BATA IN Equity,PAG IN Equity,SRF IN Equity,ADE IN Equity
2018-09-28,BIOS IN Equity,LTI IN Equity,TCS IN Equity,INFO IN Equity,HPCL IN Equity,HEXW IN Equity,TECHM IN Equity,PAG IN Equity,ENGR IN Equity,MPHL IN Equity,BRCM IN Equity,MTCL IN Equity,AVNT IN Equity,INDUSTOW IN Equity,POWF IN Equity,JSP IN Equity,INDIGO IN Equity,BJE IN Equity,MRL IN Equity,STR IN Equity
2018-10-31,ADANI IN Equity,BRCM IN Equity,OBC IN Equity,ADE IN Equity,HEG IN Equity,ALBK IN Equity,PNB IN Equity,JETIN IN Equity,PGHL IN Equity,RELI IN Equity,CBK IN Equity,UNBK IN Equity,JI IN Equity,CANF IN Equity,BHE IN Equity,RPWR IN Equity,SUEL IN Equity,WH IN Equity,RW IN Equity,RDCK IN Equity
2018-11-30,INFIBEAM IN Equity,JETIN IN Equity,BEML IN Equity,VKI IN Equity,ITI IN Equity,VIP IN Equity,ADANI IN Equity,BPCL IN Equity,PCJL IN Equity,INDIGO IN Equity,JUBI IN Equity,NJCC IN Equity,RCOM IN Equity,STR IN Equity,PNBHOUSI IN Equity,ESCORTS IN Equity,CENT IN Equity,KJC IN Equity,IDFC IN Equity,OBC IN Equity
2018-12-31,HDIL IN Equity,UJJIVAN IN Equity,PCJL IN Equity,DCIL IN Equity,BOI IN Equity,BEML IN Equity,IHFL IN Equity,DEWH IN Equity,EQUITAS IN Equity,CGPOWER IN Equity,SREI IN Equity,BOB IN Equity,AVNT IN Equity,SNDB IN Equity,IDFCFB IN Equity,INDIGO IN Equity,KJC IN Equity,HCC IN Equity,BPCL IN Equity,IBREL IN Equity
2019-01-31,VKI IN Equity,COFORGE IN Equity,ITI IN Equity,KJC IN Equity,PGHL IN Equity,YES IN Equity,TCS IN Equity,PFIZ IN Equity,TTMT IN Equity,ABFRL IN Equity,WH IN Equity,INDIGO IN Equity,NBCC IN Equity,UJJIVAN IN Equity,TTMT/A IN Equity,JUBI IN Equity,REPCO IN Equity,STR IN Equity,OBC IN Equity,BRCM IN Equity
2019-02-28,DITV IN Equity,BRCM IN Equity,MGFL IN Equity,Z IN Equity,SUEL IN Equity,YES IN Equity,BANDHAN IN Equity,GRHF IN Equity,JSP IN Equity,MOTHERSOIN Equity,SUNTV IN Equity,BATA IN Equity,PIEL IN Equity,ABCAP IN Equity,SHTF IN Equity,DIVI IN Equity,BIL IN Equity,PRJ IN Equity,NJCC IN Equity,ABFRL IN Equity
2019-03-29,EDEL IN Equity,OBC IN Equity,REPCO IN Equity,CGPOWER IN Equity,PNB IN Equity,NJCC IN Equity,CANF IN Equity,IHFL IN Equity,GP IN Equity,IBREL IN Equity,SNDB IN Equity,BOB IN Equity,IDFC IN Equity,INDIGO IN Equity,UJJIVAN IN Equity,NBCC IN Equity,SIB IN Equity,INBK IN Equity,DCIL IN Equity,IDFCFB IN Equity
2019-04-30,PCJL IN Equity,IBREL IN Equity,VKI IN Equity,TTMT IN Equity,TTMT/A IN Equity,WPRO IN Equity,GRHF IN Equity,BANDHAN IN Equity,RINDL IN Equity,SUEL IN Equity,BRCM IN Equity,PVRL IN Equity,SRF IN Equity,INDIGO IN Equity,LVB IN Equity,ICICIGI IN Equity,DRRD IN Equity,INFOE IN Equity,SAIL IN Equity,BATA IN Equity
2019-05-31,EDEL IN Equity,JUST IN Equity,KSCL IN Equity,RPWR IN Equity,ADE IN Equity,PNBHOUSI IN Equity,FB IN Equity,ARTO IN Equity,IHFL IN Equity,MGFL IN Equity,BOB IN Equity,BD IN Equity,ADANI IN Equity,BAF IN Equity,SJET IN Equity,UJJIVAN IN Equity,BEML IN Equity,INFIBEAM IN Equity,SRF IN Equity,INDIGO IN Equity
2019-06-28,RECL IN Equity,GPL IN Equity,ALBK IN Equity,INFOE IN Equity,BATA IN Equity,TTAN IN Equity,POWF IN Equity,SRF IN Equity,DCIL IN Equity,BAF IN Equity,MOTHERSOIN Equity,PAG IN Equity,BJFIN IN Equity,JUBLPHARIN Equity,MGFL IN Equity,ABFRL IN Equity,ADANI IN Equity,DCBB IN Equity,TELX IN Equity,VIP IN Equity
2019-07-31,ADANI IN Equity,PGHL IN Equity,SJET IN Equity,CANF IN Equity,HMN IN Equity,SUNP IN Equity,HDFCAMC IN Equity,RCOM IN Equity,NAM IN Equity,BRCM IN Equity,DITV IN Equity,VKI IN Equity,INDIGO IN Equity,INFOE IN Equity,IRB IN Equity,IDFCFB IN Equity,GNP IN Equity,ZYDUSLIFIN Equity,JSP IN Equity,GPL IN Equity
2019-08-30,GP IN Equity,NAM IN Equity,JETIN IN Equity,HDFCAMC IN Equity,BATA IN Equity,BD IN Equity,WH IN Equity,DELTA IN Equity,UJJIVAN IN Equity,HDFCLIFE IN Equity,CEAT IN Equity,BBTC IN Equity,INDIGO IN Equity,ESCORTS IN Equity,OBC IN Equity,DCBB IN Equity,CANF IN Equity,BIL IN Equity,SUNP IN Equity,BPCL IN Equity
2019-09-30,CGCL IN Equity,JKPAPER IN Equity,SOTL IN Equity,BPCL IN Equity,SIEM IN Equity,BBTC IN Equity,BAF IN Equity,BEML IN Equity,PAG IN Equity,BJFIN IN Equity,TVSL IN Equity,MGFL IN Equity,IDBI IN Equity,BRGR IN Equity,BRCM IN Equity,DBL IN Equity,JUBLPHARIN Equity,KJC IN Equity,GPL IN Equity,TTAN IN Equity
2019-10-31,YES IN Equity,TTMT/A IN Equity,RPWR IN Equity,TTMT IN Equity,BFUT IN Equity,NAM IN Equity,ADE IN Equity,INFOE IN Equity,BANDHAN IN Equity,DELTA IN Equity,BRGR IN Equity,TELX IN Equity,IBREL IN Equity,MGFL IN Equity,RELI IN Equity,MCX IN Equity,SUEL IN Equity,VKI IN Equity,MOTHERSOIN Equity,SBILIFE IN Equity
2019-11-29,IDEA IN Equity,DHANI IN Equity,ADANIGR IN Equity,INDUSTOW IN Equity,IHFL IN Equity,JSP IN Equity,EDEL IN Equity,TCOM IN Equity,LTFH IN Equity,CREDAG IN Equity,IBREL IN Equity,RBK IN Equity,DEWH IN Equity,BHARTI IN Equity,HDFCAMC IN Equity,VKI IN Equity,SPADV IN Equity,GRIL IN Equity,HEG IN Equity,IDBI IN Equity
2019-12-31,IGM IN Equity,DSM IN Equity,CARE IN Equity,NMDC IN Equity,DHANI IN Equity,ADANIGR IN Equity,BRCM IN Equity,BFUT IN Equity,ISEC IN Equity,VKI IN Equity,MGFL IN Equity,TTMT IN Equity,AVNT IN Equity,MOTHERSOIN Equity,MUTH IN Equity,GUJGA IN Equity,AAVAS IN Equity,PEPL IN Equity,RELI IN Equity,WHIRL IN Equity
2020-01-31,IBREL IN Equity,WPL IN Equity,RIIL IN Equity,AMBER IN Equity,CENT IN Equity,AUBANK IN Equity,QUESS IN Equity,ESCORTS IN Equity,SPADV IN Equity,CANF IN Equity,JFI IN Equity,DIXON IN Equity,COFORGE IN Equity,GUJGA IN Equity,TATACONS IN Equity,BD IN Equity,CRIN IN Equity,IGL IN Equity,DMART IN Equity,ISEC IN Equity
2020-02-28,MIDHANI IN Equity,NFIL IN Equity,TRENT IN Equity,DN IN Equity,IGM IN Equity,ALKEM IN Equity,AUBANK IN Equity,DMART IN Equity,NAM IN Equity,GRAN IN Equity,BHARTI IN Equity,ARBP IN Equity,BIL IN Equity,SRF IN Equity,MCX IN Equity,ISEC IN Equity,BRGR IN Equity,HDFCAMC IN Equity,CRIN IN Equity,ESCORTS IN Equity
2020-03-31,ADANIGR IN Equity,BOOT IN Equity,DIXON IN Equity,AMBER IN Equity,ENGR IN Equity,NFIL IN Equity,GP IN Equity,ARBP IN Equity,IOCL IN Equity,IDEA IN Equity,ONGC IN Equity,BOS IN Equity,UNBK IN Equity,OINL IN Equity,NOCIL IN Equity,GNP IN Equity,LICHF IN Equity,GAIL IN Equity,MIDHANI IN Equity,PIEL IN Equity
2020-04-30,HEG IN Equity,GNP IN Equity,GRIL IN Equity,CESC IN Equity,WPL IN Equity,AVNT IN Equity,MOTHERSOIN Equity,IBREL IN Equity,MGFL IN Equity,JFI IN Equity,SOTL IN Equity,NJCC IN Equity,VEDL IN Equity,SAIL IN Equity,JUST IN Equity,RIIL IN Equity,ADANIGR IN Equity,IHFL IN Equity,HNDL IN Equity,IDEA IN Equity
2020-05-29,IDEA IN Equity,ICP IN Equity,JSP IN Equity,ESCORTS IN Equity,BHEL IN Equity,DELTA IN Equity,MM IN Equity,ADANIGR IN Equity,GRASIM IN Equity,AMBER IN Equity,TPWR IN Equity,Z IN Equity,ADANI IN Equity,ATGL IN Equity,CARE IN Equity,MOTHERSOIN Equity,SOTL IN Equity,DIXON IN Equity,HNDL IN Equity,QUESS IN Equity
2020-06-30,IHFL IN Equity,DHANI IN Equity,QUESS IN Equity,IDEA IN Equity,BOI IN Equity,FRETAIL IN Equity,ADANIT IN Equity,RIIL IN Equity,BANDHAN IN Equity,IRB IN Equity,BAF IN Equity,RBK IN Equity,PIEL IN Equity,AUBANK IN Equity,CYL IN Equity,ABCAP IN Equity,EDEL IN Equity,NBCC IN Equity,CIFC IN Equity,JSP IN Equity
2020-07-31,LAURUS IN Equity,ICP IN Equity,ARTD IN Equity,AUBANK IN Equity,DN IN Equity,GRAN IN Equity,DFPC IN Equity,BSOFT IN Equity,DIXON IN Equity,MMFS IN Equity,INMART IN Equity,SYNG IN Equity,RINDL IN Equity,JUBLPHARIN Equity,EDEL IN Equity,CYL IN Equity,BHFC IN Equity,MM IN Equity,MUTH IN Equity,AFFLE IN Equity
2020-08-31,DHANI IN Equity,ADE IN Equity,ARTD IN Equity,HMN IN Equity,FRETAIL IN Equity,Z IN Equity,IDFC IN Equity,WH IN Equity,STR IN Equity,TTMT IN Equity,TTMT/A IN Equity,IH IN Equity,BSOFT IN Equity,ADANIGR IN Equity,INMART IN Equity,FEL IN Equity,BHFC IN Equity,DELTA IN Equity,SOTL IN Equity,TATACONS IN Equity
2020-09-30,ADVENZY IN Equity,ADANIGR IN Equity,INMART IN Equity,JBCP IN Equity,NLL IN Equity,DHANI IN Equity,LAURUS IN Equity,MPHL IN Equity,TTMT/A IN Equity,GRAN IN Equity,BSOFT IN Equity,APAT IN Equity,ESCORTS IN Equity,COFORGE IN Equity,DN IN Equity,CDSL IN Equity,TELX IN Equity,STR IN Equity,SEQ IN Equity,HEXW IN Equity
2020-10-30,JUST IN Equity,CGPOWER IN Equity,TELX IN Equity,AUBANK IN Equity,ATGL IN Equity,ADANIGR IN Equity,LTI IN Equity,ABFRL IN Equity,ADE IN Equity,SHTF IN Equity,TANLA IN Equity,JSTL IN Equity,LAURUS IN Equity,IIB IN Equity,CIFC IN Equity,MUTH IN Equity,AMBER IN Equity,APTY IN Equity,DELTA IN Equity,IPCA IN Equity
2020-11-27,TANLA IN Equity,ATGL IN Equity,BJFIN IN Equity,WPL IN Equity,EQUITAS IN Equity,BAF IN Equity,IIB IN Equity,DHANI IN Equity,CIFC IN Equity,TTMT/A IN Equity,TATA IN Equity,MOTHERSOIN Equity,DCBB IN Equity,MMFS IN Equity,IDFC IN Equity,ABCAP IN Equity,TTMT IN Equity,IBREL IN Equity,AACL IN Equity,LTFH IN Equity
2020-12-31,VKI IN Equity,SAIL IN Equity,VEDL IN Equity,SOBHA IN Equity,NJCC IN Equity,APAT IN Equity,ADANI IN Equity,FSOL IN Equity,PSYS IN Equity,IBREL IN Equity,INMART IN Equity,BSOFT IN Equity,CBK IN Equity,GPL IN Equity,TTCH IN Equity,YES IN Equity,WPL IN Equity,ADE IN Equity,BOB IN Equity,BLIS IN Equity
2021-01-29,TELX IN Equity,TTMT IN Equity,TTMT/A IN Equity,RVNL IN Equity,IDFCFB IN Equity,AACL IN Equity,SOLARA IN Equity,SHTF IN Equity,INMART IN Equity,IDFC IN Equity,CYL IN Equity,AL IN Equity,HZ IN Equity,HAVL IN Equity,HMN IN Equity,GRASIM IN Equity,JKCE IN Equity,BHFC IN Equity,APTY IN Equity,AMBER IN Equity
2021-02-26,HCP IN Equity,ADE IN Equity,ADANIT IN Equity,EVRIN IN Equity,TTCH IN Equity,HEG IN Equity,ABCAP IN Equity,GRIL IN Equity,NJCC IN Equity,HNDL IN Equity,MOTHERSOIN Equity,DCIL IN Equity,RCF IN Equity,AFFLE IN Equity,CGPOWER IN Equity,PRJ IN Equity,DN IN Equity,DIXON IN Equity,MMTC IN Equity,GNFC IN Equity
2021-03-31,ATGL IN Equity,INDA IN Equity,ADANI IN Equity,APAT IN Equity,MTCL IN Equity,CANF IN Equity,ADE IN Equity,IDBI IN Equity,ADANIT IN Equity,DN IN Equity,GRASIM IN Equity,JUST IN Equity,PRJ IN Equity,BDE IN Equity,JSTL IN Equity,KKC IN Equity,BEML IN Equity,COFORGE IN Equity,FSOL IN Equity,TATASTL IN Equity
2021-04-30,MORE IN Equity,HEG IN Equity,JSTL IN Equity,SAIL IN Equity,AACL IN Equity,BLA IN Equity,GRIL IN Equity,TATASTL IN Equity,BRCM IN Equity,HCP IN Equity,TML IN Equity,TELX IN Equity,JSP IN Equity,TATA IN Equity,RINDL IN Equity,LAURUS IN Equity,JSW IN Equity,NFIL IN Equity,WPL IN Equity,CDSL IN Equity
2021-05-31,TRPC IN Equity,RPWR IN Equity,BSE IN Equity,RELI IN Equity,REDI IN Equity,MMTC IN Equity,BHEL IN Equity,PRJ IN Equity,ADANIT IN Equity,TCO IN Equity,TATASTL IN Equity,RUPA IN Equity,IBREL IN Equity,WPL IN Equity,FSOL IN Equity,JSAW IN Equity,PSYS IN Equity,ADANIGR IN Equity,COFORGE IN Equity,CDSL IN Equity
2021-06-30,RPWR IN Equity,IOB IN Equity,HMFC IN Equity,CBOI IN Equity,JSW IN Equity,JKPAPER IN Equity,RELI IN Equity,GICHF IN Equity,LAURUS IN Equity,FSOL IN Equity,GRV IN Equity,SIB IN Equity,UFLX IN Equity,APAT IN Equity,GUJGA IN Equity,ADANI IN Equity,BHE IN Equity,TELX IN Equity,POLYCAB IN Equity,COFORGE IN Equity
2021-07-30,JSW IN Equity,TEJASNET IN Equity,BSE IN Equity,CDSL IN Equity,RINDL IN Equity,CENT IN Equity,DHANI IN Equity,IBREL IN Equity,LTTS IN Equity,REDI IN Equity,JKPAPER IN Equity,TATA IN Equity,BLA IN Equity,COFORGE IN Equity,AACL IN Equity,MPHL IN Equity,JSAW IN Equity,ACEM IN Equity,DLFU IN Equity,JKLC IN Equity
2021-08-31,ADANIT IN Equity,ATGL IN Equity,TEJASNET IN Equity,MAXHEALT IN Equity,MTCL IN Equity,BLA IN Equity,APHS IN Equity,KNRC IN Equity,BAF IN Equity,BJFIN IN Equity,KKC IN Equity,IEX IN Equity,SRF IN Equity,CIFC IN Equity,FORH IN Equity,CAMS IN Equity,DLPL IN Equity,LTI IN Equity,TELX IN Equity,PIEL IN Equity
2021-09-30,GPL IN Equity,RELI IN Equity,JSW IN Equity,DELTA IN Equity,OINL IN Equity,TTMT/A IN Equity,IRCTC IN Equity,OBER IN Equity,TRID IN Equity,TEJASNET IN Equity,DLFU IN Equity,IEX IN Equity,BHEL IN Equity,TPWR IN Equity,PNCL IN Equity,ONGC IN Equity,SOIL IN Equity,CENT IN Equity,LTTS IN Equity,RPWR IN Equity
2021-10-29,TRPC IN Equity,TTMT IN Equity,TRID IN Equity,TPWR IN Equity,TTMT/A IN Equity,RDCK IN Equity,CBK IN Equity,INBK IN Equity,BOB IN Equity,JDSL IN Equity,SOIL IN Equity,LTI IN Equity,HCP IN Equity,ABB IN Equity,IIFL IN Equity,IRCTC IN Equity,IRB IN Equity,SBIN IN Equity,IEX IN Equity,DMART IN Equity
2021-11-30,TTLS IN Equity,BCG IN Equity,KPITTECH IN Equity,TRID IN Equity,NIIT IN Equity,APHS IN Equity,KEII IN Equity,SUBX IN Equity,BSE IN Equity,BSOFT IN Equity,ADE IN Equity,IDEA IN Equity,FORH IN Equity,MAXHEALT IN Equity,AISG IN Equity,COFORGE IN Equity,LTTS IN Equity,VEDL IN Equity,SOIL IN Equity,ATGL IN Equity
2021-12-31,TTLS IN Equity,SUEL IN Equity,IDEA IN Equity,BCG IN Equity,TANLA IN Equity,GRIL IN Equity,KPITTECH IN Equity,BSE IN Equity,FLUOROCH IN Equity,GMRI IN Equity,RINDL IN Equity,POONAWAL IN Equity,SRF IN Equity,JDSL IN Equity,CENT IN Equity,PSYS IN Equity,DN IN Equity,MPHL IN Equity,ZENT IN Equity,ANGELONEIN Equity
2022-01-31,JPVL IN Equity,ADANIGR IN Equity,TELX IN Equity,POONAWAL IN Equity,CBK IN Equity,RW IN Equity,ONGC IN Equity,OINL IN Equity,IH IN Equity,ANGELONEIN Equity,SUEL IN Equity,RBK IN Equity,FLUOROCH IN Equity,BRCM IN Equity,TRID IN Equity,ADANIT IN Equity,IRB IN Equity,TPWR IN Equity,BEML IN Equity,CCLP IN Equity
2022-02-28,VEDL IN Equity,GNFC IN Equity,HNDL IN Equity,NACL IN Equity,TATA IN Equity,JSW IN Equity,ADANIT IN Equity,TTAN IN Equity,APHS IN Equity,LAURUS IN Equity,DMART IN Equity,TV18 IN Equity,UNSP IN Equity,BJFIN IN Equity,BHE IN Equity,BSE IN Equity,SOIL IN Equity,MPHL IN Equity,ESCORTS IN Equity,BRGD IN Equity
2022-03-31,GNFC IN Equity,ADANI IN Equity,NIIT IN Equity,BSE IN Equity,TTLS IN Equity,GALK IN Equity,LIIL IN Equity,TELX IN Equity,BCG IN Equity,HSCH IN Equity,ATGL IN Equity,PPC IN Equity,INOL IN Equity,KEII IN Equity,Z IN Equity,DELTA IN Equity,BRCM IN Equity,ADE IN Equity,HEG IN Equity,PSYS IN Equity
2022-04-29,MRPL IN Equity,ADANI IN Equity,ADANIGR IN Equity,RIIL IN Equity,BDL IN Equity,ANGELONEIN Equity,MAXHEALT IN Equity,ADANIT IN Equity,METROHL IN Equity,ADE IN Equity,VBL IN Equity,TIINDIA IN Equity,GICRE IN Equity,ATGL IN Equity,INMART IN Equity,BHE IN Equity,POONAWAL IN Equity,PPC IN Equity,GALK IN Equity,SUEL IN Equity
2022-05-31,RW IN Equity,ADANI IN Equity,HNAL IN Equity,GEXP IN Equity,MRPL IN Equity,FINEORG IN Equity,TELX IN Equity,ZYDUSLIFIN Equity,IGL IN Equity,BDL IN Equity,OINL IN Equity,KEII IN Equity,BRGD IN Equity,Z IN Equity,TTMT IN Equity,IDEA IN Equity,GMRI IN Equity,UNOMINDAIN Equity,MRL IN Equity,INOL IN Equity
2022-06-30,ADANIT IN Equity,TIINDIA IN Equity,TVSL IN Equity,MRPL IN Equity,MRL IN Equity,SUF IN Equity,LIIL IN Equity,OINL IN Equity,DLPL IN Equity,RIIL IN Equity,ADANIGR IN Equity,ADE IN Equity,INOL IN Equity,UNOMINDAIN Equity,ATGL IN Equity,SCHFL IN Equity,SHRS IN Equity,LPC IN Equity,FINEORG IN Equity,TELX IN Equity
2022-07-29,BCG IN Equity,CANF IN Equity,BJFIN IN Equity,HSCH IN Equity,ATGL IN Equity,GPL IN Equity,GNFC IN Equity,ADANIT IN Equity,TATA IN Equity,VEDL IN Equity,CBK IN Equity,HNDL IN Equity,SCHFL IN Equity,CHMB IN Equity,RINDL IN Equity,GSFC IN Equity,ADANI IN Equity,IDFCFB IN Equity,MTCL IN Equity,BDL IN Equity
2022-08-30,JSW IN Equity,MAZDOCKS IN Equity,RELI IN Equity,RBK IN Equity,ADANI IN Equity,IDFCFB IN Equity,ADANIT IN Equity,ADE IN Equity,SUEL IN Equity,IHFL IN Equity,JKPAPER IN Equity,HSCH IN Equity,IGL IN Equity,IBREL IN Equity,ATGL IN Equity,ABB IN Equity,KEII IN Equity,GALK IN Equity,JPVL IN Equity,VBL IN Equity
